Workbook

Sheet Guide
B1: دليل الاستخدام | User guide
B3: ملف تحليل نتائج الطلاب (Year 2 – Year 13): التحصيل والتقدم مع المعلمين والبلوكات والمجموعات — أعداد مجمّعة فقط، بلا أسماء طلاب.
B5: كيف تبدأ (5 خطوات)
B6: 1 | C6: Settings: راجع العام الدراسي وسلم الدرجات وحدود At/Above ومفتاح الأحكام (الخلايا الصفراء). مفتاح التقدم افتراضه منسوخ من مفتاح التحصيل — اعتمد قيمك.
B7: 2 | C7: Classes / Teachers: راجع ربط المعلم بالصف (مأخوذ من جدول MOE بتاريخ 01-OCT-26). الصفوف التي ظهر فيها أكثر من معلم تُركت فارغة ومكتوب سبب ذلك — اختر المعلم الصحيح. صحّح أي اسم معروض من Teachers.
B8: 3 | C8: Data: كل سطر = عدد الطلاب المشتركين في (كود الصف · الفترة · المجموعة · Start Point · Current Grade). اختر القيم من القوائم؛ المعلم والصف والبلوك والمادة تظهر تلقائياً.
B9: 4 | C9: Baseline: أدخل Current = علامة نقطة البداية واترك Start فارغاً (لا تقدم لـ Baseline). Term 1/2/3: Start = علامة Baseline، Current = علامة الفترة.
B10: 5 | C10: افتح Dashboard / Year_Panel / Teacher_Report واختر الفلاتر. Checks تعرض أي عدم اتساق في الأعداد، وTests تتحقق من صحة الحسابات.
B11: قواعد الحساب
B12: At & Above | C12: عدد الطلاب عند AT فأعلى ÷ عدد الطلاب ذوي النتائج الفعلية (العتبة قابلة للتعديل في Settings). لا علاقة لها بالعلامة AT+.
B13: Above | C13: عدد الطلاب عند AB فأعلى ÷ عدد الطلاب ذوي النتائج الفعلية.
B14: الغياب / لا نتيجة | C14: اختر Current = NR (أو اتركه فارغاً): ليس U وليس صفراً، ويُستبعد من مقام التحصيل. U نتيجة فعلية تدخل المقام.
B15: التقدم | C15: يُصنَّف بالبحث (Lookup) في Progress_Matrix عن Start Point والعلامة الحالية — لا طرح ولا قاعدة ارتفاع/ثبات عامة. Expected & Better = (Expected+Better)÷الحالات القابلة للتصنيف؛ Better = Better÷الحالات القابلة للتصنيف.
B16: U في التقدم | C16: U غير موجودة في المصفوفة المرفقة، فلا حكم لها: حالات Start=U أو Current=U تُستبعد من مقام التقدم ويُعرض عددها (بطاقة «حالات تقدم» وجدول الصفوف) حتى تُعتمد قاعدة.
B17: Current فقط | C17: من لديه Current بلا Start يدخل التحصيل ولا يدخل التقدم (يُعرض عددهم).
B18: المجموعات | C18: إجمالي الصف · الأولاد · البنات · SEND · Gifted & Talented · الإماراتيون. متداخلة: لا يُجمع بعضها إلى بعض للحصول على إجمالي الصف. أدخل «إجمالي الصف» كسطور مستقلة.
B19: حكم الأداء | C19: At&Above ≤15% ← Very Weak · أكبر من 15% وأقل من 75% ← Weak · ≥75%: Above أقل من 50% ← Acceptable · 50–60% ← Good · أكبر من 60% وأقل من 75% ← Very Good · ≥75% ← Outstanding. الحدود متصلة ولا تُقرَّب النسبة قبل الحكم (60.5% ← Very Good). تُطبَّق على التقدم بمفتاح مستقل.
B20: الإجماليات | C20: كل الإجماليات من مجموع الأعداد، لا من متوسط نسب الصفوف. عند مقام صفري يظهر «لا توجد بيانات».
B21: الحاسبتان
B22: Target_Attain | C22: أدخل عدد الطلاب ونسبتي Above وAt&Above وخيار التقريب (أقرب نسبة / على الأقل) ← عدد لكل علامة بقاعدة أوزان قابلة للتعديل، ثم النسب المحققة والحكم والفارق. مثال: 40 / 55% / 93% ← 22 و37 (أو 38).
B23: Target_Progress | C23: أدخل عدد الطلاب عند كل Start Point ونسبتي Better وExpected&Better ← جدول انتقالات (Start→Current) يحافظ على مجموع كل علامة بداية، مع التصنيف من المصفوفة والانخفاضات إن وُجدت. إن كان الهدف مستحيلاً (لا Less لمن يبدأ B/B+) يُعرض السبب وأقرب بديل.
B24: المقترحات | C24: نتائج الحاسبتين مقترحات تخطيطية منفصلة تماماً عن النتائج الفعلية ولا تعدّلها.
B25: الواجهة والحماية
B26: الألوان | C26: أصفر + خط أزرق = إدخال · أبيض/أسود = صيغة. أحمر = Less · أصفر = Expected · أخضر = Better. ألوان الأحكام من جدول المفتاح.
B27: الحماية | C27: الأوراق محمية بلا كلمة مرور (مراجعة ← إلغاء حماية الورقة) لمنع كتابة فوق الصيغ بالخطأ؛ خلايا الإدخال مفتوحة.
B28: بيانات «مثال» | C28: ورقة مثال_Example بيانات مصطنعة. تظهر في التقارير فقط إذا اخترت «نعم» في Settings. ورقة Data فارغة (النتائج الفعلية).
B29: حدود معروفة
B30: لا رفع صور | C30: لا يوجد زر رفع صور: Excel لا يقرأ صور Go4Schools/Power BI بالصيغ. الإدخال يدوي (أو نسخ/لصق) في Data.
B31: بلا ماكرو | C31: كل شيء بالصيغ (xlsx). الحاسبتان بالصيغ لا Solver ولا ماكرو؛ قاعدة التوزيع في Target_Progress ترتيب أفضلية واضح وليست حلاً أمثل عالمياً.
B32: السعة | C32: Data تتسع 5000 سطر (مثال 800). للتوسع: انسخ آخر سطر في Data إلى الأسفل وعدّل نطاقات التجميع (تتطلب إلغاء الحماية).
B33: فلتر الصف في Dashboard | C33: يؤثر على البطاقات وعلى جدول الفترات، بينما جدول/رسوم «حسب الصف» تعرض كل الصفوف دائماً.
B34: رموز المواد | C34: Aa Arabic A · Ab Arabic B · Ia Islamic A · Ib Islamic B · Ua (الاسم غير مؤكد — عدّله في Settings). مستبعدة: Ft, Ss, Su, Pp, Pa, Re, Gs, Af, Ae (FS2 وY1). أضف أي رمز في Settings ثم الصفوف في Classes.
B35: افتراضات موثّقة | C35: مفتاح التقدم = مفتاح التحصيل مبدئياً · العام الدراسي 2026-27 من تاريخ الجدول · قراءة المصفوفة من صورة مائلة (راجع Progress_Matrix ثم Tests).
B37: خريطة الأوراق | Sheet map
B38: Dashboard | C38: اللوحة الرئيسية: بطاقات ومقارنة الفترات والرسوم
B39: Year_Panel | C39: لوحة لكل صف: أعداد ونسب وتقديرات حسب البلوك
B40: Teacher_Report | C40: نتائج كل معلم
B41: Data | C41: إدخال الأعداد المجمّعة (النتائج الفعلية)
B42: Target_Attain | C42: حاسبة مستهدف التحصيل
B43: Target_Progress | C43: حاسبة مستهدف التقدم
B44: Settings | C44: الإعدادات والمفاتيح
B45: Progress_Matrix | C45: مصفوفة التقدم المرجعية
B46: Classes | C46: الصفوف والبلوكات والمعلمون
B47: Teachers | C47: قائمة المعلمين
B48: Checks | C48: فحوص الاتساق
B49: Tests | C49: اختبارات الصيغ
... B51: Lists | C51: قوائم داخلية

Sheet Dashboard
B1: لوحة تحليل نتائج الطلاب | Student Attainment & Progress Dashboard
B3: ="Year 2 – Year 13 · العام الدراسي "&Settings!C6&" · أعداد مجمّعة بلا أسماء طلاب · الفلاتر تؤثر على البطاقات والجداول والرسوم" -> Year 2 – Year 13 · العام الدراسي 2026-27 · أعداد مجمّعة بلا أسماء طلاب · الفلاتر تؤثر على البطاقات والجداول والرسوم
B4: الدليل | C4: اللوحة | D4: لوحة الصف | E4: المعلمون | F4: إدخال النتائج | G4: هدف التحصيل | H4: هدف التقدم | I4: الإعدادات | J4: المصفوفة | K4: الصفوف | L4: فحوص | M4: اختبارات
P5: معايير الفلاتر (مساعدة)
B6: المادة (Subject) | D6: الصف (Year) | F6: المعلم (Teacher) | H6: البلوك (Block) | J6: الفترة (Term) | L6: المجموعة (Group) | P6: =IF(B7="الكل (All)","*",B7) -> *
B7: الكل (All) | D7: الكل (All) | F7: الكل (All) | H7: الكل (All) | J7: Term 1 | L7: إجمالي الصف (All) | P7: =IF(D7="الكل (All)","*",D7) -> *
B8: =IF(Checks!$C$6>0,"⚠ توجد "&Checks!$C$6&" صفوف غير صالحة في Data (راجع عمود الحالة) — لا تدخل في الحساب. ","")&IF(Checks!$C$7>0,"⚠ تنبيهات اتساق: "&Checks!$C$7&" (ورقة Checks). ","")&IF(ExOn=1,"ℹ بيانات «مثال» مُدرجة في التقارير حالياً (Settings).","") | P8: =IF(F7="الكل (All)","*",F7) -> *
P9: =IF(H7="الكل (All)","*",H7) -> *
B10: التحصيل | Attainment — للفلاتر الحالية | P10: =J7 -> Term 1
B11: طلاب بنتائج Students with results | D11: At & Above | F11: Above | H11: حكم التحصيل Attainment rating | J11: Δ At & Above مقابل Baseline | L11: Δ Above مقابل Baseline | P11: =L7 -> إجمالي الصف (All)
B12: =$Q$13 -> 0 | D12: =IF($Q$13=0,"لا توجد بيانات",$Q$14/$Q$13) -> لا توجد بيانات | F12: =IF($Q$13=0,"لا توجد بيانات",$Q$15/$Q$13) -> لا توجد بيانات | H12: =IF($Q$13=0,"لا توجد بيانات",IF(ROUND($Q$14/$Q$13,10)<=KeyA_VW,"Very Weak",IF(ROUND($Q$14/$Q$13,10)<KeyA_Weak,"Weak",IF(ROUND($Q$15/$Q$13,10)<KeyA_Acc,"Acceptable",IF(ROUND($Q$15/$Q$13,10)<=KeyA_Good,"Good",IF(ROUND($Q$15/$Q$13,10)<KeyA_Out,"Very Good","Outstanding")))))) -> لا توجد بيانات | J12: =IF(OR($P$10="Baseline",$Q$13=0,$Q$16=0),"—",$Q$14/$Q$13-$Q$17/$Q$16) -> — | L12: =IF(OR($P$10="Baseline",$Q$13=0,$Q$16=0),"—",$Q$15/$Q$13-$Q$18/$Q$16) -> — | P12: قيم مساعدة (للقراءة فقط)
B13: =IF($Q$13=0,"لا توجد بيانات","غياب/بدون نتيجة مستبعد") -> لا توجد بيانات | D13: =IF($Q$13=0,"",$Q$14&" من "&$Q$13&" طالب") | F13: =IF($Q$13=0,"",$Q$15&" من "&$Q$13&" طالب") | H13: حسب المفتاح في Settings | J13: نقاط مئوية (الفترة المختارة − Baseline) | L13: نقاط مئوية (الفترة المختارة − Baseline) | P13: طلاب بنتائج | Q13: =(SUMIFS(Data!$Q$5:$Q$5004,Data!$B$5:$B$5004,$P$6,Data!$C$5:$C$5004,$P$8,Data!$D$5:$D$5004,$P$7,Data!$E$5:$E$5004,$P$9,Data!$F$5:$F$5004,$P$10,Data!$G$5:$G$5004,$P$11)+ExOn*SUMIFS(مثال_Example!$Q$5:$Q$804,مثال_Example!$B$5:$B$804,$P$6,مثال_Example!$C$5:$C$804,$P$8,مثال_Example!$D$5:$D$804,$P$7,مثال_Example!$E$5:$E$804,$P$9,مثال_Example!$F$5:$F$804,$P$10,مثال_Example!$G$5:$G$804,$P$11)) -> 0
P14: At & Above | Q14: =(SUMIFS(Data!$R$5:$R$5004,Data!$B$5:$B$5004,$P$6,Data!$C$5:$C$5004,$P$8,Data!$D$5:$D$5004,$P$7,Data!$E$5:$E$5004,$P$9,Data!$F$5:$F$5004,$P$10,Data!$G$5:$G$5004,$P$11)+ExOn*SUMIFS(مثال_Example!$R$5:$R$804,مثال_Example!$B$5:$B$804,$P$6,مثال_Example!$C$5:$C$804,$P$8,مثال_Example!$D$5:$D$804,$P$7,مثال_Example!$E$5:$E$804,$P$9,مثال_Example!$F$5:$F$804,$P$10,مثال_Example!$G$5:$G$804,$P$11)) -> 0
B15: التقدم | Progress — للفلاتر الحالية | P15: Above | Q15: =(SUMIFS(Data!$S$5:$S$5004,Data!$B$5:$B$5004,$P$6,Data!$C$5:$C$5004,$P$8,Data!$D$5:$D$5004,$P$7,Data!$E$5:$E$5004,$P$9,Data!$F$5:$F$5004,$P$10,Data!$G$5:$G$5004,$P$11)+ExOn*SUMIFS(مثال_Example!$S$5:$S$804,مثال_Example!$B$5:$B$804,$P$6,مثال_Example!$C$5:$C$804,$P$8,مثال_Example!$D$5:$D$804,$P$7,مثال_Example!$E$5:$E$804,$P$9,مثال_Example!$F$5:$F$804,$P$10,مثال_Example!$G$5:$G$804,$P$11)) -> 0
B16: حالات تقدم قابلة للتصنيف Progress cases | D16: Less Than Expected | F16: Expected | H16: Better Than Expected | J16: Expected & Better | L16: حكم التقدم Progress rating | P16: Baseline: بنتائج | Q16: =(SUMIFS(Data!$Q$5:$Q$5004,Data!$B$5:$B$5004,$P$6,Data!$C$5:$C$5004,$P$8,Data!$D$5:$D$5004,$P$7,Data!$E$5:$E$5004,$P$9,Data!$F$5:$F$5004,"Baseline",Data!$G$5:$G$5004,$P$11)+ExOn*SUMIFS(مثال_Example!$Q$5:$Q$804,مثال_Example!$B$5:$B$804,$P$6,مثال_Example!$C$5:$C$804,$P$8,مثال_Example!$D$5:$D$804,$P$7,مثال_Example!$E$5:$E$804,$P$9,مثال_Example!$F$5:$F$804,"Baseline",مثال_Example!$G$5:$G$804,$P$11)) -> 0
B17: =$Q$24 -> 0 | D17: =IF($Q$24=0,"لا توجد بيانات",$Q$19/$Q$24) -> لا توجد بيانات | F17: =IF($Q$24=0,"لا توجد بيانات",$Q$20/$Q$24) -> لا توجد بيانات | H17: =IF($Q$24=0,"لا توجد بيانات",$Q$21/$Q$24) -> لا توجد بيانات | J17: =IF($Q$24=0,"لا توجد بيانات",($Q$20+$Q$21)/$Q$24) -> لا توجد بيانات | L17: =IF($Q$24=0,"لا توجد بيانات",IF(ROUND(($Q$20+$Q$21)/$Q$24,10)<=KeyP_VW,"Very Weak",IF(ROUND(($Q$20+$Q$21)/$Q$24,10)<KeyP_Weak,"Weak",IF(ROUND($Q$21/$Q$24,10)<KeyP_Acc,"Acceptable",IF(ROUND($Q$21/$Q$24,10)<=KeyP_Good,"Good",IF(ROUND($Q$21/$Q$24,10)<KeyP_Out,"Very Good","Outstanding")))))) -> لا توجد بيانات | P17: Baseline: At | Q17: =(SUMIFS(Data!$R$5:$R$5004,Data!$B$5:$B$5004,$P$6,Data!$C$5:$C$5004,$P$8,Data!$D$5:$D$5004,$P$7,Data!$E$5:$E$5004,$P$9,Data!$F$5:$F$5004,"Baseline",Data!$G$5:$G$5004,$P$11)+ExOn*SUMIFS(مثال_Example!$R$5:$R$804,مثال_Example!$B$5:$B$804,$P$6,مثال_Example!$C$5:$C$804,$P$8,مثال_Example!$D$5:$D$804,$P$7,مثال_Example!$E$5:$E$804,$P$9,مثال_Example!$F$5:$F$804,"Baseline",مثال_Example!$G$5:$G$804,$P$11)) -> 0
B18: ="مستبعد: U "&$Q$22&" · بدون Start "&$Q$23 -> مستبعد: U 0 · بدون Start 0 | D18: =IF($Q$24=0,"",$Q$19&" طالب") | F18: =IF($Q$24=0,"",$Q$20&" طالب") | H18: =IF($Q$24=0,"",$Q$21&" طالب") | J18: =IF($Q$24=0,"",($Q$20+$Q$21)&" طالب") | L18: حسب مفتاح التقدم في Settings | P18: Baseline: Above | Q18: =(SUMIFS(Data!$S$5:$S$5004,Data!$B$5:$B$5004,$P$6,Data!$C$5:$C$5004,$P$8,Data!$D$5:$D$5004,$P$7,Data!$E$5:$E$5004,$P$9,Data!$F$5:$F$5004,"Baseline",Data!$G$5:$G$5004,$P$11)+ExOn*SUMIFS(مثال_Example!$S$5:$S$804,مثال_Example!$B$5:$B$804,$P$6,مثال_Example!$C$5:$C$804,$P$8,مثال_Example!$D$5:$D$804,$P$7,مثال_Example!$E$5:$E$804,$P$9,مثال_Example!$F$5:$F$804,"Baseline",مثال_Example!$G$5:$G$804,$P$11)) -> 0
P19: Less | Q19: =(SUMIFS(Data!$T$5:$T$5004,Data!$B$5:$B$5004,$P$6,Data!$C$5:$C$5004,$P$8,Data!$D$5:$D$5004,$P$7,Data!$E$5:$E$5004,$P$9,Data!$F$5:$F$5004,$P$10,Data!$G$5:$G$5004,$P$11)+ExOn*SUMIFS(مثال_Example!$T$5:$T$804,مثال_Example!$B$5:$B$804,$P$6,مثال_Example!$C$5:$C$804,$P$8,مثال_Example!$D$5:$D$804,$P$7,مثال_Example!$E$5:$E$804,$P$9,مثال_Example!$F$5:$F$804,$P$10,مثال_Example!$G$5:$G$804,$P$11)) -> 0
B20: الرسوم | Charts | P20: Expected | Q20: =(SUMIFS(Data!$U$5:$U$5004,Data!$B$5:$B$5004,$P$6,Data!$C$5:$C$5004,$P$8,Data!$D$5:$D$5004,$P$7,Data!$E$5:$E$5004,$P$9,Data!$F$5:$F$5004,$P$10,Data!$G$5:$G$5004,$P$11)+ExOn*SUMIFS(مثال_Example!$U$5:$U$804,مثال_Example!$B$5:$B$804,$P$6,مثال_Example!$C$5:$C$804,$P$8,مثال_Example!$D$5:$D$804,$P$7,مثال_Example!$E$5:$E$804,$P$9,مثال_Example!$F$5:$F$804,$P$10,مثال_Example!$G$5:$G$804,$P$11)) -> 0
P21: Better | Q21: =(SUMIFS(Data!$V$5:$V$5004,Data!$B$5:$B$5004,$P$6,Data!$C$5:$C$5004,$P$8,Data!$D$5:$D$5004,$P$7,Data!$E$5:$E$5004,$P$9,Data!$F$5:$F$5004,$P$10,Data!$G$5:$G$5004,$P$11)+ExOn*SUMIFS(مثال_Example!$V$5:$V$804,مثال_Example!$B$5:$B$804,$P$6,مثال_Example!$C$5:$C$804,$P$8,مثال_Example!$D$5:$D$804,$P$7,مثال_Example!$E$5:$E$804,$P$9,مثال_Example!$F$5:$F$804,$P$10,مثال_Example!$G$5:$G$804,$P$11)) -> 0
P22: U مستبعد | Q22: =(SUMIFS(Data!$W$5:$W$5004,Data!$B$5:$B$5004,$P$6,Data!$C$5:$C$5004,$P$8,Data!$D$5:$D$5004,$P$7,Data!$E$5:$E$5004,$P$9,Data!$F$5:$F$5004,$P$10,Data!$G$5:$G$5004,$P$11)+ExOn*SUMIFS(مثال_Example!$W$5:$W$804,مثال_Example!$B$5:$B$804,$P$6,مثال_Example!$C$5:$C$804,$P$8,مثال_Example!$D$5:$D$804,$P$7,مثال_Example!$E$5:$E$804,$P$9,مثال_Example!$F$5:$F$804,$P$10,مثال_Example!$G$5:$G$804,$P$11)) -> 0
P23: بدون Start | Q23: =(SUMIFS(Data!$X$5:$X$5004,Data!$B$5:$B$5004,$P$6,Data!$C$5:$C$5004,$P$8,Data!$D$5:$D$5004,$P$7,Data!$E$5:$E$5004,$P$9,Data!$F$5:$F$5004,$P$10,Data!$G$5:$G$5004,$P$11)+ExOn*SUMIFS(مثال_Example!$X$5:$X$804,مثال_Example!$B$5:$B$804,$P$6,مثال_Example!$C$5:$C$804,$P$8,مثال_Example!$D$5:$D$804,$P$7,مثال_Example!$E$5:$E$804,$P$9,مثال_Example!$F$5:$F$804,$P$10,مثال_Example!$G$5:$G$804,$P$11)) -> 0
P24: حالات التقدم | Q24: =$Q$19+$Q$20+$Q$21 -> 0
H70: مفتاح الأحكام | Rating key
H71: Outstanding | J71: At & Above ≥ 75% و Above ≥ 75%
H72: Very Good | J72: At & Above ≥ 75% و Above > 60% و < 75%
H73: Good | J73: At & Above ≥ 75% و Above من 50% إلى 60%
H74: Acceptable | J74: At & Above ≥ 75% و Above < 50%
H75: Weak | J75: At & Above بين 15% و 75% (أقل من 75%)
H76: Very Weak | J76: At & Above ≤ 15%
H77: Less Than Expected | J77: التصنيف يُؤخذ من مصفوفة التقدم (Progress_Matrix) بالبحث عن Start Point والدرجة الحالية. U وحالات بلا Start تُستبعد من التقدم وتُعرض أعدادها.
H78: Expected
H79: Better Than Expected
B93: المقارنة مع نقطة البداية حسب الفترة | By Term (Baseline → Term 3)
B94: الفترة Term | C94: طلاب بنتائج | D94: At & Above % | E94: Above % | F94: Δ At&Above مقابل BSL | G94: Δ Above مقابل BSL | H94: حالات تقدم | I94: Less % | J94: Expected % | K94: Better % | L94: Expected&Better % | M94: حكم التحصيل
B95: Baseline | C95: =(SUMIFS(Data!$Q$5:$Q$5004,Data!$B$5:$B$5004,$P$6,Data!$C$5:$C$5004,$P$8,Data!$D$5:$D$5004,$P$7,Data!$E$5:$E$5004,$P$9,Data!$F$5:$F$5004,$B95,Data!$G$5:$G$5004,$P$11)+ExOn*SUMIFS(مثال_Example!$Q$5:$Q$804,مثال_Example!$B$5:$B$804,$P$6,مثال_Example!$C$5:$C$804,$P$8,مثال_Example!$D$5:$D$804,$P$7,مثال_Example!$E$5:$E$804,$P$9,مثال_Example!$F$5:$F$804,$B95,مثال_Example!$G$5:$G$804,$P$11)) -> 0 | D95: =IF($C95=0,"—",(SUMIFS(Data!$R$5:$R$5004,Data!$B$5:$B$5004,$P$6,Data!$C$5:$C$5004,$P$8,Data!$D$5:$D$5004,$P$7,Data!$E$5:$E$5004,$P$9,Data!$F$5:$F$5004,$B95,Data!$G$5:$G$5004,$P$11)+ExOn*SUMIFS(مثال_Example!$R$5:$R$804,مثال_Example!$B$5:$B$804,$P$6,مثال_Example!$C$5:$C$804,$P$8,مثال_Example!$D$5:$D$804,$P$7,مثال_Example!$E$5:$E$804,$P$9,مثال_Example!$F$5:$F$804,$B95,مثال_Example!$G$5:$G$804,$P$11))/$C95) -> — | E95: =IF($C95=0,"—",(SUMIFS(Data!$S$5:$S$5004,Data!$B$5:$B$5004,$P$6,Data!$C$5:$C$5004,$P$8,Data!$D$5:$D$5004,$P$7,Data!$E$5:$E$5004,$P$9,Data!$F$5:$F$5004,$B95,Data!$G$5:$G$5004,$P$11)+ExOn*SUMIFS(مثال_Example!$S$5:$S$804,مثال_Example!$B$5:$B$804,$P$6,مثال_Example!$C$5:$C$804,$P$8,مثال_Example!$D$5:$D$804,$P$7,مثال_Example!$E$5:$E$804,$P$9,مثال_Example!$F$5:$F$804,$B95,مثال_Example!$G$5:$G$804,$P$11))/$C95) -> — | F95: =IF(OR($B95="Baseline",NOT(ISNUMBER(D95)),NOT(ISNUMBER(D$95))),"—",D95-D$95) -> — | G95: =IF(OR($B95="Baseline",NOT(ISNUMBER(E95)),NOT(ISNUMBER(E$95))),"—",E95-E$95) -> — | H95: =(SUMIFS(Data!$T$5:$T$5004,Data!$B$5:$B$5004,$P$6,Data!$C$5:$C$5004,$P$8,Data!$D$5:$D$5004,$P$7,Data!$E$5:$E$5004,$P$9,Data!$F$5:$F$5004,$B95,Data!$G$5:$G$5004,$P$11)+ExOn*SUMIFS(مثال_Example!$T$5:$T$804,مثال_Example!$B$5:$B$804,$P$6,مثال_Example!$C$5:$C$804,$P$8,مثال_Example!$D$5:$D$804,$P$7,مثال_Example!$E$5:$E$804,$P$9,مثال_Example!$F$5:$F$804,$B95,مثال_Example!$G$5:$G$804,$P$11))+(SUMIFS(Data!$U$5:$U$5004,Data!$B$5:$B$5004,$P$6,Data!$C$5:$C$5004,$P$8,Data!$D$5:$D$5004,$P$7,Data!$E$5:$E$5004,$P$9,Data!$F$5:$F$5004,$B95,Data!$G$5:$G$5004,$P$11)+ExOn*SUMIFS(مثال_Example!$U$5:$U$804,مثال_Example!$B$5:$B$804,$P$6,مثال_Example!$C$5:$C$804,$P$8,مثال_Example!$D$5:$D$804,$P$7,مثال_Example!$E$5:$E$804,$P$9,مثال_Example!$F$5:$F$804,$B95,مثال_Example!$G$5:$G$804,$P$11))+(SUMIFS(Data!$V$5:$V$5004,Data!$B$5:$B$5004,$P$6,Data!$C$5:$C$5004,$P$8,Data!$D$5:$D$5004,$P$7,Data!$E$5:$E$5004,$P$9,Data!$F$5:$F$5004,$B95,Data!$G$5:$G$5004,$P$11)+ExOn*SUMIFS(مثال_Example!$V$5:$V$804,مثال_Example!$B$5:$B$804,$P$6,مثال_Example!$C$5:$C$804,$P$8,مثال_Example!$D$5:$D$804,$P$7,مثال_Example!$E$5:$E$804,$P$9,مثال_Example!$F$5:$F$804,$B95,مثال_Example!$G$5:$G$804,$P$11)) -> 0 | I95: =IF($H95=0,"—",(SUMIFS(Data!$T$5:$T$5004,Data!$B$5:$B$5004,$P$6,Data!$C$5:$C$5004,$P$8,Data!$D$5:$D$5004,$P$7,Data!$E$5:$E$5004,$P$9,Data!$F$5:$F$5004,$B95,Data!$G$5:$G$5004,$P$11)+ExOn*SUMIFS(مثال_Example!$T$5:$T$804,مثال_Example!$B$5:$B$804,$P$6,مثال_Example!$C$5:$C$804,$P$8,مثال_Example!$D$5:$D$804,$P$7,مثال_Example!$E$5:$E$804,$P$9,مثال_Example!$F$5:$F$804,$B95,مثال_Example!$G$5:$G$804,$P$11))/$H95) -> — | J95: =IF($H95=0,"—",(SUMIFS(Data!$U$5:$U$5004,Data!$B$5:$B$5004,$P$6,Data!$C$5:$C$5004,$P$8,Data!$D$5:$D$5004,$P$7,Data!$E$5:$E$5004,$P$9,Data!$F$5:$F$5004,$B95,Data!$G$5:$G$5004,$P$11)+ExOn*SUMIFS(مثال_Example!$U$5:$U$804,مثال_Example!$B$5:$B$804,$P$6,مثال_Example!$C$5:$C$804,$P$8,مثال_Example!$D$5:$D$804,$P$7,مثال_Example!$E$5:$E$804,$P$9,مثال_Example!$F$5:$F$804,$B95,مثال_Example!$G$5:$G$804,$P$11))/$H95) -> — | K95: =IF($H95=0,"—",(SUMIFS(Data!$V$5:$V$5004,Data!$B$5:$B$5004,$P$6,Data!$C$5:$C$5004,$P$8,Data!$D$5:$D$5004,$P$7,Data!$E$5:$E$5004,$P$9,Data!$F$5:$F$5004,$B95,Data!$G$5:$G$5004,$P$11)+ExOn*SUMIFS(مثال_Example!$V$5:$V$804,مثال_Example!$B$5:$B$804,$P$6,مثال_Example!$C$5:$C$804,$P$8,مثال_Example!$D$5:$D$804,$P$7,مثال_Example!$E$5:$E$804,$P$9,مثال_Example!$F$5:$F$804,$B95,مثال_Example!$G$5:$G$804,$P$11))/$H95) -> — | L95: =IF($H95=0,"—",((SUMIFS(Data!$U$5:$U$5004,Data!$B$5:$B$5004,$P$6,Data!$C$5:$C$5004,$P$8,Data!$D$5:$D$5004,$P$7,Data!$E$5:$E$5004,$P$9,Data!$F$5:$F$5004,$B95,Data!$G$5:$G$5004,$P$11)+ExOn*SUMIFS(مثال_Example!$U$5:$U$804,مثال_Example!$B$5:$B$804,$P$6,مثال_Example!$C$5:$C$804,$P$8,مثال_Example!$D$5:$D$804,$P$7,مثال_Example!$E$5:$E$804,$P$9,مثال_Example!$F$5:$F$804,$B95,مثال_Example!$G$5:$G$804,$P$11))+(SUMIFS(Data!$V$5:$V$5004,Data!$B$5:$B$5004,$P$6,Data!$C$5:$C$5004,$P$8,Data!$D$5:$D$5004,$P$7,Data!$E$5:$E$5004,$P$9,Data!$F$5:$F$5004,$B95,Data!$G$5:$G$5004,$P$11)+ExOn*SUMIFS(مثال_Example!$V$5:$V$804,مثال_Example!$B$5:$B$804,$P$6,مثال_Example!$C$5:$C$804,$P$8,مثال_Example!$D$5:$D$804,$P$7,مثال_Example!$E$5:$E$804,$P$9,مثال_Example!$F$5:$F$804,$B95,مثال_Example!$G$5:$G$804,$P$11)))/$H95) -> — | M95: =IF($C95=0,"لا توجد بيانات",IF(ROUND(IF(ISNUMBER(D95),D95,0),10)<=KeyA_VW,"Very Weak",IF(ROUND(IF(ISNUMBER(D95),D95,0),10)<KeyA_Weak,"Weak",IF(ROUND(IF(ISNUMBER(E95),E95,0),10)<KeyA_Acc,"Acceptable",IF(ROUND(IF(ISNUMBER(E95),E95,0),10)<=KeyA_Good,"Good",IF(ROUND(IF(ISNUMBER(E95),E95,0),10)<KeyA_Out,"Very Good","Outstanding")))))) -> لا توجد بيانات
B96: Term 1 | C96: =(SUMIFS(Data!$Q$5:$Q$5004,Data!$B$5:$B$5004,$P$6,Data!$C$5:$C$5004,$P$8,Data!$D$5:$D$5004,$P$7,Data!$E$5:$E$5004,$P$9,Data!$F$5:$F$5004,$B96,Data!$G$5:$G$5004,$P$11)+ExOn*SUMIFS(مثال_Example!$Q$5:$Q$804,مثال_Example!$B$5:$B$804,$P$6,مثال_Example!$C$5:$C$804,$P$8,مثال_Example!$D$5:$D$804,$P$7,مثال_Example!$E$5:$E$804,$P$9,مثال_Example!$F$5:$F$804,$B96,مثال_Example!$G$5:$G$804,$P$11)) -> 0 | D96: =IF($C96=0,"—",(SUMIFS(Data!$R$5:$R$5004,Data!$B$5:$B$5004,$P$6,Data!$C$5:$C$5004,$P$8,Data!$D$5:$D$5004,$P$7,Data!$E$5:$E$5004,$P$9,Data!$F$5:$F$5004,$B96,Data!$G$5:$G$5004,$P$11)+ExOn*SUMIFS(مثال_Example!$R$5:$R$804,مثال_Example!$B$5:$B$804,$P$6,مثال_Example!$C$5:$C$804,$P$8,مثال_Example!$D$5:$D$804,$P$7,مثال_Example!$E$5:$E$804,$P$9,مثال_Example!$F$5:$F$804,$B96,مثال_Example!$G$5:$G$804,$P$11))/$C96) -> — | E96: =IF($C96=0,"—",(SUMIFS(Data!$S$5:$S$5004,Data!$B$5:$B$5004,$P$6,Data!$C$5:$C$5004,$P$8,Data!$D$5:$D$5004,$P$7,Data!$E$5:$E$5004,$P$9,Data!$F$5:$F$5004,$B96,Data!$G$5:$G$5004,$P$11)+ExOn*SUMIFS(مثال_Example!$S$5:$S$804,مثال_Example!$B$5:$B$804,$P$6,مثال_Example!$C$5:$C$804,$P$8,مثال_Example!$D$5:$D$804,$P$7,مثال_Example!$E$5:$E$804,$P$9,مثال_Example!$F$5:$F$804,$B96,مثال_Example!$G$5:$G$804,$P$11))/$C96) -> — | F96: =IF(OR($B96="Baseline",NOT(ISNUMBER(D96)),NOT(ISNUMBER(D$95))),"—",D96-D$95) -> — | G96: =IF(OR($B96="Baseline",NOT(ISNUMBER(E96)),NOT(ISNUMBER(E$95))),"—",E96-E$95) -> — | H96: =(SUMIFS(Data!$T$5:$T$5004,Data!$B$5:$B$5004,$P$6,Data!$C$5:$C$5004,$P$8,Data!$D$5:$D$5004,$P$7,Data!$E$5:$E$5004,$P$9,Data!$F$5:$F$5004,$B96,Data!$G$5:$G$5004,$P$11)+ExOn*SUMIFS(مثال_Example!$T$5:$T$804,مثال_Example!$B$5:$B$804,$P$6,مثال_Example!$C$5:$C$804,$P$8,مثال_Example!$D$5:$D$804,$P$7,مثال_Example!$E$5:$E$804,$P$9,مثال_Example!$F$5:$F$804,$B96,مثال_Example!$G$5:$G$804,$P$11))+(SUMIFS(Data!$U$5:$U$5004,Data!$B$5:$B$5004,$P$6,Data!$C$5:$C$5004,$P$8,Data!$D$5:$D$5004,$P$7,Data!$E$5:$E$5004,$P$9,Data!$F$5:$F$5004,$B96,Data!$G$5:$G$5004,$P$11)+ExOn*SUMIFS(مثال_Example!$U$5:$U$804,مثال_Example!$B$5:$B$804,$P$6,مثال_Example!$C$5:$C$804,$P$8,مثال_Example!$D$5:$D$804,$P$7,مثال_Example!$E$5:$E$804,$P$9,مثال_Example!$F$5:$F$804,$B96,مثال_Example!$G$5:$G$804,$P$11))+(SUMIFS(Data!$V$5:$V$5004,Data!$B$5:$B$5004,$P$6,Data!$C$5:$C$5004,$P$8,Data!$D$5:$D$5004,$P$7,Data!$E$5:$E$5004,$P$9,Data!$F$5:$F$5004,$B96,Data!$G$5:$G$5004,$P$11)+ExOn*SUMIFS(مثال_Example!$V$5:$V$804,مثال_Example!$B$5:$B$804,$P$6,مثال_Example!$C$5:$C$804,$P$8,مثال_Example!$D$5:$D$804,$P$7,مثال_Example!$E$5:$E$804,$P$9,مثال_Example!$F$5:$F$804,$B96,مثال_Example!$G$5:$G$804,$P$11)) -> 0 | I96: =IF($H96=0,"—",(SUMIFS(Data!$T$5:$T$5004,Data!$B$5:$B$5004,$P$6,Data!$C$5:$C$5004,$P$8,Data!$D$5:$D$5004,$P$7,Data!$E$5:$E$5004,$P$9,Data!$F$5:$F$5004,$B96,Data!$G$5:$G$5004,$P$11)+ExOn*SUMIFS(مثال_Example!$T$5:$T$804,مثال_Example!$B$5:$B$804,$P$6,مثال_Example!$C$5:$C$804,$P$8,مثال_Example!$D$5:$D$804,$P$7,مثال_Example!$E$5:$E$804,$P$9,مثال_Example!$F$5:$F$804,$B96,مثال_Example!$G$5:$G$804,$P$11))/$H96) -> — | J96: =IF($H96=0,"—",(SUMIFS(Data!$U$5:$U$5004,Data!$B$5:$B$5004,$P$6,Data!$C$5:$C$5004,$P$8,Data!$D$5:$D$5004,$P$7,Data!$E$5:$E$5004,$P$9,Data!$F$5:$F$5004,$B96,Data!$G$5:$G$5004,$P$11)+ExOn*SUMIFS(مثال_Example!$U$5:$U$804,مثال_Example!$B$5:$B$804,$P$6,مثال_Example!$C$5:$C$804,$P$8,مثال_Example!$D$5:$D$804,$P$7,مثال_Example!$E$5:$E$804,$P$9,مثال_Example!$F$5:$F$804,$B96,مثال_Example!$G$5:$G$804,$P$11))/$H96) -> — | K96: =IF($H96=0,"—",(SUMIFS(Data!$V$5:$V$5004,Data!$B$5:$B$5004,$P$6,Data!$C$5:$C$5004,$P$8,Data!$D$5:$D$5004,$P$7,Data!$E$5:$E$5004,$P$9,Data!$F$5:$F$5004,$B96,Data!$G$5:$G$5004,$P$11)+ExOn*SUMIFS(مثال_Example!$V$5:$V$804,مثال_Example!$B$5:$B$804,$P$6,مثال_Example!$C$5:$C$804,$P$8,مثال_Example!$D$5:$D$804,$P$7,مثال_Example!$E$5:$E$804,$P$9,مثال_Example!$F$5:$F$804,$B96,مثال_Example!$G$5:$G$804,$P$11))/$H96) -> — | L96: =IF($H96=0,"—",((SUMIFS(Data!$U$5:$U$5004,Data!$B$5:$B$5004,$P$6,Data!$C$5:$C$5004,$P$8,Data!$D$5:$D$5004,$P$7,Data!$E$5:$E$5004,$P$9,Data!$F$5:$F$5004,$B96,Data!$G$5:$G$5004,$P$11)+ExOn*SUMIFS(مثال_Example!$U$5:$U$804,مثال_Example!$B$5:$B$804,$P$6,مثال_Example!$C$5:$C$804,$P$8,مثال_Example!$D$5:$D$804,$P$7,مثال_Example!$E$5:$E$804,$P$9,مثال_Example!$F$5:$F$804,$B96,مثال_Example!$G$5:$G$804,$P$11))+(SUMIFS(Data!$V$5:$V$5004,Data!$B$5:$B$5004,$P$6,Data!$C$5:$C$5004,$P$8,Data!$D$5:$D$5004,$P$7,Data!$E$5:$E$5004,$P$9,Data!$F$5:$F$5004,$B96,Data!$G$5:$G$5004,$P$11)+ExOn*SUMIFS(مثال_Example!$V$5:$V$804,مثال_Example!$B$5:$B$804,$P$6,مثال_Example!$C$5:$C$804,$P$8,مثال_Example!$D$5:$D$804,$P$7,مثال_Example!$E$5:$E$804,$P$9,مثال_Example!$F$5:$F$804,$B96,مثال_Example!$G$5:$G$804,$P$11)))/$H96) -> — | M96: =IF($C96=0,"لا توجد بيانات",IF(ROUND(IF(ISNUMBER(D96),D96,0),10)<=KeyA_VW,"Very Weak",IF(ROUND(IF(ISNUMBER(D96),D96,0),10)<KeyA_Weak,"Weak",IF(ROUND(IF(ISNUMBER(E96),E96,0),10)<KeyA_Acc,"Acceptable",IF(ROUND(IF(ISNUMBER(E96),E96,0),10)<=KeyA_Good,"Good",IF(ROUND(IF(ISNUMBER(E96),E96,0),10)<KeyA_Out,"Very Good","Outstanding")))))) -> لا توجد بيانات
B97: Term 2 | C97: =(SUMIFS(Data!$Q$5:$Q$5004,Data!$B$5:$B$5004,$P$6,Data!$C$5:$C$5004,$P$8,Data!$D$5:$D$5004,$P$7,Data!$E$5:$E$5004,$P$9,Data!$F$5:$F$5004,$B97,Data!$G$5:$G$5004,$P$11)+ExOn*SUMIFS(مثال_Example!$Q$5:$Q$804,مثال_Example!$B$5:$B$804,$P$6,مثال_Example!$C$5:$C$804,$P$8,مثال_Example!$D$5:$D$804,$P$7,مثال_Example!$E$5:$E$804,$P$9,مثال_Example!$F$5:$F$804,$B97,مثال_Example!$G$5:$G$804,$P$11)) -> 0 | D97: =IF($C97=0,"—",(SUMIFS(Data!$R$5:$R$5004,Data!$B$5:$B$5004,$P$6,Data!$C$5:$C$5004,$P$8,Data!$D$5:$D$5004,$P$7,Data!$E$5:$E$5004,$P$9,Data!$F$5:$F$5004,$B97,Data!$G$5:$G$5004,$P$11)+ExOn*SUMIFS(مثال_Example!$R$5:$R$804,مثال_Example!$B$5:$B$804,$P$6,مثال_Example!$C$5:$C$804,$P$8,مثال_Example!$D$5:$D$804,$P$7,مثال_Example!$E$5:$E$804,$P$9,مثال_Example!$F$5:$F$804,$B97,مثال_Example!$G$5:$G$804,$P$11))/$C97) -> — | E97: =IF($C97=0,"—",(SUMIFS(Data!$S$5:$S$5004,Data!$B$5:$B$5004,$P$6,Data!$C$5:$C$5004,$P$8,Data!$D$5:$D$5004,$P$7,Data!$E$5:$E$5004,$P$9,Data!$F$5:$F$5004,$B97,Data!$G$5:$G$5004,$P$11)+ExOn*SUMIFS(مثال_Example!$S$5:$S$804,مثال_Example!$B$5:$B$804,$P$6,مثال_Example!$C$5:$C$804,$P$8,مثال_Example!$D$5:$D$804,$P$7,مثال_Example!$E$5:$E$804,$P$9,مثال_Example!$F$5:$F$804,$B97,مثال_Example!$G$5:$G$804,$P$11))/$C97) -> — | F97: =IF(OR($B97="Baseline",NOT(ISNUMBER(D97)),NOT(ISNUMBER(D$95))),"—",D97-D$95) -> — | G97: =IF(OR($B97="Baseline",NOT(ISNUMBER(E97)),NOT(ISNUMBER(E$95))),"—",E97-E$95) -> — | H97: =(SUMIFS(Data!$T$5:$T$5004,Data!$B$5:$B$5004,$P$6,Data!$C$5:$C$5004,$P$8,Data!$D$5:$D$5004,$P$7,Data!$E$5:$E$5004,$P$9,Data!$F$5:$F$5004,$B97,Data!$G$5:$G$5004,$P$11)+ExOn*SUMIFS(مثال_Example!$T$5:$T$804,مثال_Example!$B$5:$B$804,$P$6,مثال_Example!$C$5:$C$804,$P$8,مثال_Example!$D$5:$D$804,$P$7,مثال_Example!$E$5:$E$804,$P$9,مثال_Example!$F$5:$F$804,$B97,مثال_Example!$G$5:$G$804,$P$11))+(SUMIFS(Data!$U$5:$U$5004,Data!$B$5:$B$5004,$P$6,Data!$C$5:$C$5004,$P$8,Data!$D$5:$D$5004,$P$7,Data!$E$5:$E$5004,$P$9,Data!$F$5:$F$5004,$B97,Data!$G$5:$G$5004,$P$11)+ExOn*SUMIFS(مثال_Example!$U$5:$U$804,مثال_Example!$B$5:$B$804,$P$6,مثال_Example!$C$5:$C$804,$P$8,مثال_Example!$D$5:$D$804,$P$7,مثال_Example!$E$5:$E$804,$P$9,مثال_Example!$F$5:$F$804,$B97,مثال_Example!$G$5:$G$804,$P$11))+(SUMIFS(Data!$V$5:$V$5004,Data!$B$5:$B$5004,$P$6,Data!$C$5:$C$5004,$P$8,Data!$D$5:$D$5004,$P$7,Data!$E$5:$E$5004,$P$9,Data!$F$5:$F$5004,$B97,Data!$G$5:$G$5004,$P$11)+ExOn*SUMIFS(مثال_Example!$V$5:$V$804,مثال_Example!$B$5:$B$804,$P$6,مثال_Example!$C$5:$C$804,$P$8,مثال_Example!$D$5:$D$804,$P$7,مثال_Example!$E$5:$E$804,$P$9,مثال_Example!$F$5:$F$804,$B97,مثال_Example!$G$5:$G$804,$P$11)) -> 0 | I97: =IF($H97=0,"—",(SUMIFS(Data!$T$5:$T$5004,Data!$B$5:$B$5004,$P$6,Data!$C$5:$C$5004,$P$8,Data!$D$5:$D$5004,$P$7,Data!$E$5:$E$5004,$P$9,Data!$F$5:$F$5004,$B97,Data!$G$5:$G$5004,$P$11)+ExOn*SUMIFS(مثال_Example!$T$5:$T$804,مثال_Example!$B$5:$B$804,$P$6,مثال_Example!$C$5:$C$804,$P$8,مثال_Example!$D$5:$D$804,$P$7,مثال_Example!$E$5:$E$804,$P$9,مثال_Example!$F$5:$F$804,$B97,مثال_Example!$G$5:$G$804,$P$11))/$H97) -> — | J97: =IF($H97=0,"—",(SUMIFS(Data!$U$5:$U$5004,Data!$B$5:$B$5004,$P$6,Data!$C$5:$C$5004,$P$8,Data!$D$5:$D$5004,$P$7,Data!$E$5:$E$5004,$P$9,Data!$F$5:$F$5004,$B97,Data!$G$5:$G$5004,$P$11)+ExOn*SUMIFS(مثال_Example!$U$5:$U$804,مثال_Example!$B$5:$B$804,$P$6,مثال_Example!$C$5:$C$804,$P$8,مثال_Example!$D$5:$D$804,$P$7,مثال_Example!$E$5:$E$804,$P$9,مثال_Example!$F$5:$F$804,$B97,مثال_Example!$G$5:$G$804,$P$11))/$H97) -> — | K97: =IF($H97=0,"—",(SUMIFS(Data!$V$5:$V$5004,Data!$B$5:$B$5004,$P$6,Data!$C$5:$C$5004,$P$8,Data!$D$5:$D$5004,$P$7,Data!$E$5:$E$5004,$P$9,Data!$F$5:$F$5004,$B97,Data!$G$5:$G$5004,$P$11)+ExOn*SUMIFS(مثال_Example!$V$5:$V$804,مثال_Example!$B$5:$B$804,$P$6,مثال_Example!$C$5:$C$804,$P$8,مثال_Example!$D$5:$D$804,$P$7,مثال_Example!$E$5:$E$804,$P$9,مثال_Example!$F$5:$F$804,$B97,مثال_Example!$G$5:$G$804,$P$11))/$H97) -> — | L97: =IF($H97=0,"—",((SUMIFS(Data!$U$5:$U$5004,Data!$B$5:$B$5004,$P$6,Data!$C$5:$C$5004,$P$8,Data!$D$5:$D$5004,$P$7,Data!$E$5:$E$5004,$P$9,Data!$F$5:$F$5004,$B97,Data!$G$5:$G$5004,$P$11)+ExOn*SUMIFS(مثال_Example!$U$5:$U$804,مثال_Example!$B$5:$B$804,$P$6,مثال_Example!$C$5:$C$804,$P$8,مثال_Example!$D$5:$D$804,$P$7,مثال_Example!$E$5:$E$804,$P$9,مثال_Example!$F$5:$F$804,$B97,مثال_Example!$G$5:$G$804,$P$11))+(SUMIFS(Data!$V$5:$V$5004,Data!$B$5:$B$5004,$P$6,Data!$C$5:$C$5004,$P$8,Data!$D$5:$D$5004,$P$7,Data!$E$5:$E$5004,$P$9,Data!$F$5:$F$5004,$B97,Data!$G$5:$G$5004,$P$11)+ExOn*SUMIFS(مثال_Example!$V$5:$V$804,مثال_Example!$B$5:$B$804,$P$6,مثال_Example!$C$5:$C$804,$P$8,مثال_Example!$D$5:$D$804,$P$7,مثال_Example!$E$5:$E$804,$P$9,مثال_Example!$F$5:$F$804,$B97,مثال_Example!$G$5:$G$804,$P$11)))/$H97) -> — | M97: =IF($C97=0,"لا توجد بيانات",IF(ROUND(IF(ISNUMBER(D97),D97,0),10)<=KeyA_VW,"Very Weak",IF(ROUND(IF(ISNUMBER(D97),D97,0),10)<KeyA_Weak,"Weak",IF(ROUND(IF(ISNUMBER(E97),E97,0),10)<KeyA_Acc,"Acceptable",IF(ROUND(IF(ISNUMBER(E97),E97,0),10)<=KeyA_Good,"Good",IF(ROUND(IF(ISNUMBER(E97),E97,0),10)<KeyA_Out,"Very Good","Outstanding")))))) -> لا توجد بيانات
B98: Term 3 | C98: =(SUMIFS(Data!$Q$5:$Q$5004,Data!$B$5:$B$5004,$P$6,Data!$C$5:$C$5004,$P$8,Data!$D$5:$D$5004,$P$7,Data!$E$5:$E$5004,$P$9,Data!$F$5:$F$5004,$B98,Data!$G$5:$G$5004,$P$11)+ExOn*SUMIFS(مثال_Example!$Q$5:$Q$804,مثال_Example!$B$5:$B$804,$P$6,مثال_Example!$C$5:$C$804,$P$8,مثال_Example!$D$5:$D$804,$P$7,مثال_Example!$E$5:$E$804,$P$9,مثال_Example!$F$5:$F$804,$B98,مثال_Example!$G$5:$G$804,$P$11)) -> 0 | D98: =IF($C98=0,"—",(SUMIFS(Data!$R$5:$R$5004,Data!$B$5:$B$5004,$P$6,Data!$C$5:$C$5004,$P$8,Data!$D$5:$D$5004,$P$7,Data!$E$5:$E$5004,$P$9,Data!$F$5:$F$5004,$B98,Data!$G$5:$G$5004,$P$11)+ExOn*SUMIFS(مثال_Example!$R$5:$R$804,مثال_Example!$B$5:$B$804,$P$6,مثال_Example!$C$5:$C$804,$P$8,مثال_Example!$D$5:$D$804,$P$7,مثال_Example!$E$5:$E$804,$P$9,مثال_Example!$F$5:$F$804,$B98,مثال_Example!$G$5:$G$804,$P$11))/$C98) -> — | E98: =IF($C98=0,"—",(SUMIFS(Data!$S$5:$S$5004,Data!$B$5:$B$5004,$P$6,Data!$C$5:$C$5004,$P$8,Data!$D$5:$D$5004,$P$7,Data!$E$5:$E$5004,$P$9,Data!$F$5:$F$5004,$B98,Data!$G$5:$G$5004,$P$11)+ExOn*SUMIFS(مثال_Example!$S$5:$S$804,مثال_Example!$B$5:$B$804,$P$6,مثال_Example!$C$5:$C$804,$P$8,مثال_Example!$D$5:$D$804,$P$7,مثال_Example!$E$5:$E$804,$P$9,مثال_Example!$F$5:$F$804,$B98,مثال_Example!$G$5:$G$804,$P$11))/$C98) -> — | F98: =IF(OR($B98="Baseline",NOT(ISNUMBER(D98)),NOT(ISNUMBER(D$95))),"—",D98-D$95) -> — | G98: =IF(OR($B98="Baseline",NOT(ISNUMBER(E98)),NOT(ISNUMBER(E$95))),"—",E98-E$95) -> — | H98: =(SUMIFS(Data!$T$5:$T$5004,Data!$B$5:$B$5004,$P$6,Data!$C$5:$C$5004,$P$8,Data!$D$5:$D$5004,$P$7,Data!$E$5:$E$5004,$P$9,Data!$F$5:$F$5004,$B98,Data!$G$5:$G$5004,$P$11)+ExOn*SUMIFS(مثال_Example!$T$5:$T$804,مثال_Example!$B$5:$B$804,$P$6,مثال_Example!$C$5:$C$804,$P$8,مثال_Example!$D$5:$D$804,$P$7,مثال_Example!$E$5:$E$804,$P$9,مثال_Example!$F$5:$F$804,$B98,مثال_Example!$G$5:$G$804,$P$11))+(SUMIFS(Data!$U$5:$U$5004,Data!$B$5:$B$5004,$P$6,Data!$C$5:$C$5004,$P$8,Data!$D$5:$D$5004,$P$7,Data!$E$5:$E$5004,$P$9,Data!$F$5:$F$5004,$B98,Data!$G$5:$G$5004,$P$11)+ExOn*SUMIFS(مثال_Example!$U$5:$U$804,مثال_Example!$B$5:$B$804,$P$6,مثال_Example!$C$5:$C$804,$P$8,مثال_Example!$D$5:$D$804,$P$7,مثال_Example!$E$5:$E$804,$P$9,مثال_Example!$F$5:$F$804,$B98,مثال_Example!$G$5:$G$804,$P$11))+(SUMIFS(Data!$V$5:$V$5004,Data!$B$5:$B$5004,$P$6,Data!$C$5:$C$5004,$P$8,Data!$D$5:$D$5004,$P$7,Data!$E$5:$E$5004,$P$9,Data!$F$5:$F$5004,$B98,Data!$G$5:$G$5004,$P$11)+ExOn*SUMIFS(مثال_Example!$V$5:$V$804,مثال_Example!$B$5:$B$804,$P$6,مثال_Example!$C$5:$C$804,$P$8,مثال_Example!$D$5:$D$804,$P$7,مثال_Example!$E$5:$E$804,$P$9,مثال_Example!$F$5:$F$804,$B98,مثال_Example!$G$5:$G$804,$P$11)) -> 0 | I98: =IF($H98=0,"—",(SUMIFS(Data!$T$5:$T$5004,Data!$B$5:$B$5004,$P$6,Data!$C$5:$C$5004,$P$8,Data!$D$5:$D$5004,$P$7,Data!$E$5:$E$5004,$P$9,Data!$F$5:$F$5004,$B98,Data!$G$5:$G$5004,$P$11)+ExOn*SUMIFS(مثال_Example!$T$5:$T$804,مثال_Example!$B$5:$B$804,$P$6,مثال_Example!$C$5:$C$804,$P$8,مثال_Example!$D$5:$D$804,$P$7,مثال_Example!$E$5:$E$804,$P$9,مثال_Example!$F$5:$F$804,$B98,مثال_Example!$G$5:$G$804,$P$11))/$H98) -> — | J98: =IF($H98=0,"—",(SUMIFS(Data!$U$5:$U$5004,Data!$B$5:$B$5004,$P$6,Data!$C$5:$C$5004,$P$8,Data!$D$5:$D$5004,$P$7,Data!$E$5:$E$5004,$P$9,Data!$F$5:$F$5004,$B98,Data!$G$5:$G$5004,$P$11)+ExOn*SUMIFS(مثال_Example!$U$5:$U$804,مثال_Example!$B$5:$B$804,$P$6,مثال_Example!$C$5:$C$804,$P$8,مثال_Example!$D$5:$D$804,$P$7,مثال_Example!$E$5:$E$804,$P$9,مثال_Example!$F$5:$F$804,$B98,مثال_Example!$G$5:$G$804,$P$11))/$H98) -> — | K98: =IF($H98=0,"—",(SUMIFS(Data!$V$5:$V$5004,Data!$B$5:$B$5004,$P$6,Data!$C$5:$C$5004,$P$8,Data!$D$5:$D$5004,$P$7,Data!$E$5:$E$5004,$P$9,Data!$F$5:$F$5004,$B98,Data!$G$5:$G$5004,$P$11)+ExOn*SUMIFS(مثال_Example!$V$5:$V$804,مثال_Example!$B$5:$B$804,$P$6,مثال_Example!$C$5:$C$804,$P$8,مثال_Example!$D$5:$D$804,$P$7,مثال_Example!$E$5:$E$804,$P$9,مثال_Example!$F$5:$F$804,$B98,مثال_Example!$G$5:$G$804,$P$11))/$H98) -> — | L98: =IF($H98=0,"—",((SUMIFS(Data!$U$5:$U$5004,Data!$B$5:$B$5004,$P$6,Data!$C$5:$C$5004,$P$8,Data!$D$5:$D$5004,$P$7,Data!$E$5:$E$5004,$P$9,Data!$F$5:$F$5004,$B98,Data!$G$5:$G$5004,$P$11)+ExOn*SUMIFS(مثال_Example!$U$5:$U$804,مثال_Example!$B$5:$B$804,$P$6,مثال_Example!$C$5:$C$804,$P$8,مثال_Example!$D$5:$D$804,$P$7,مثال_Example!$E$5:$E$804,$P$9,مثال_Example!$F$5:$F$804,$B98,مثال_Example!$G$5:$G$804,$P$11))+(SUMIFS(Data!$V$5:$V$5004,Data!$B$5:$B$5004,$P$6,Data!$C$5:$C$5004,$P$8,Data!$D$5:$D$5004,$P$7,Data!$E$5:$E$5004,$P$9,Data!$F$5:$F$5004,$B98,Data!$G$5:$G$5004,$P$11)+ExOn*SUMIFS(مثال_Example!$V$5:$V$804,مثال_Example!$B$5:$B$804,$P$6,مثال_Example!$C$5:$C$804,$P$8,مثال_Example!$D$5:$D$804,$P$7,مثال_Example!$E$5:$E$804,$P$9,مثال_Example!$F$5:$F$804,$B98,مثال_Example!$G$5:$G$804,$P$11)))/$H98) -> — | M98: =IF($C98=0,"لا توجد بيانات",IF(ROUND(IF(ISNUMBER(D98),D98,0),10)<=KeyA_VW,"Very Weak",IF(ROUND(IF(ISNUMBER(D98),D98,0),10)<KeyA_Weak,"Weak",IF(ROUND(IF(ISNUMBER(E98),E98,0),10)<KeyA_Acc,"Acceptable",IF(ROUND(IF(ISNUMBER(E98),E98,0),10)<=KeyA_Good,"Good",IF(ROUND(IF(ISNUMBER(E98),E98,0),10)<KeyA_Out,"Very Good","Outstanding")))))) -> لا توجد بيانات
B101: التحصيل حسب الصف | Attainment by Year (يتجاهل فلتر الصف)
B102: الصف (Year) | C102: طلاب بنتائج | D102: At & Above عدد | E102: At & Above % | F102: Above عدد | G102: Above % | H102: حكم التحصيل | I102: حالات تقدم | J102: Less عدد | K102: Expected عدد | L102: Better عدد | M102: Expected&Better %
B103: Year 2 | C103: =IF($B103="","",(SUMIFS(Data!$Q$5:$Q$5004,Data!$B$5:$B$5004,$P$6,Data!$C$5:$C$5004,$P$8,Data!$D$5:$D$5004,$B103,Data!$E$5:$E$5004,$P$9,Data!$F$5:$F$5004,$P$10,Data!$G$5:$G$5004,$P$11)+ExOn*SUMIFS(مثال_Example!$Q$5:$Q$804,مثال_Example!$B$5:$B$804,$P$6,مثال_Example!$C$5:$C$804,$P$8,مثال_Example!$D$5:$D$804,$B103,مثال_Example!$E$5:$E$804,$P$9,مثال_Example!$F$5:$F$804,$P$10,مثال_Example!$G$5:$G$804,$P$11))) -> 0 | D103: =IF($B103="","",(SUMIFS(Data!$R$5:$R$5004,Data!$B$5:$B$5004,$P$6,Data!$C$5:$C$5004,$P$8,Data!$D$5:$D$5004,$B103,Data!$E$5:$E$5004,$P$9,Data!$F$5:$F$5004,$P$10,Data!$G$5:$G$5004,$P$11)+ExOn*SUMIFS(مثال_Example!$R$5:$R$804,مثال_Example!$B$5:$B$804,$P$6,مثال_Example!$C$5:$C$804,$P$8,مثال_Example!$D$5:$D$804,$B103,مثال_Example!$E$5:$E$804,$P$9,مثال_Example!$F$5:$F$804,$P$10,مثال_Example!$G$5:$G$804,$P$11))) -> 0 | E103: =IF($B103="","",IF($C103=0,"—",D103/$C103)) -> — | F103: =IF($B103="","",(SUMIFS(Data!$S$5:$S$5004,Data!$B$5:$B$5004,$P$6,Data!$C$5:$C$5004,$P$8,Data!$D$5:$D$5004,$B103,Data!$E$5:$E$5004,$P$9,Data!$F$5:$F$5004,$P$10,Data!$G$5:$G$5004,$P$11)+ExOn*SUMIFS(مثال_Example!$S$5:$S$804,مثال_Example!$B$5:$B$804,$P$6,مثال_Example!$C$5:$C$804,$P$8,مثال_Example!$D$5:$D$804,$B103,مثال_Example!$E$5:$E$804,$P$9,مثال_Example!$F$5:$F$804,$P$10,مثال_Example!$G$5:$G$804,$P$11))) -> 0 | G103: =IF($B103="","",IF($C103=0,"—",F103/$C103)) -> — | H103: =IF($B103="","",IF($C103=0,"لا توجد بيانات",IF(ROUND(D103/C103,10)<=KeyA_VW,"Very Weak",IF(ROUND(D103/C103,10)<KeyA_Weak,"Weak",IF(ROUND(F103/C103,10)<KeyA_Acc,"Acceptable",IF(ROUND(F103/C103,10)<=KeyA_Good,"Good",IF(ROUND(F103/C103,10)<KeyA_Out,"Very Good","Outstanding"))))))) -> لا توجد بيانات | I103: =IF($B103="","",J103+K103+L103) -> 0 | J103: =IF($B103="","",(SUMIFS(Data!$T$5:$T$5004,Data!$B$5:$B$5004,$P$6,Data!$C$5:$C$5004,$P$8,Data!$D$5:$D$5004,$B103,Data!$E$5:$E$5004,$P$9,Data!$F$5:$F$5004,$P$10,Data!$G$5:$G$5004,$P$11)+ExOn*SUMIFS(مثال_Example!$T$5:$T$804,مثال_Example!$B$5:$B$804,$P$6,مثال_Example!$C$5:$C$804,$P$8,مثال_Example!$D$5:$D$804,$B103,مثال_Example!$E$5:$E$804,$P$9,مثال_Example!$F$5:$F$804,$P$10,مثال_Example!$G$5:$G$804,$P$11))) -> 0 | K103: =IF($B103="","",(SUMIFS(Data!$U$5:$U$5004,Data!$B$5:$B$5004,$P$6,Data!$C$5:$C$5004,$P$8,Data!$D$5:$D$5004,$B103,Data!$E$5:$E$5004,$P$9,Data!$F$5:$F$5004,$P$10,Data!$G$5:$G$5004,$P$11)+ExOn*SUMIFS(مثال_Example!$U$5:$U$804,مثال_Example!$B$5:$B$804,$P$6,مثال_Example!$C$5:$C$804,$P$8,مثال_Example!$D$5:$D$804,$B103,مثال_Example!$E$5:$E$804,$P$9,مثال_Example!$F$5:$F$804,$P$10,مثال_Example!$G$5:$G$804,$P$11))) -> 0 | L103: =IF($B103="","",(SUMIFS(Data!$V$5:$V$5004,Data!$B$5:$B$5004,$P$6,Data!$C$5:$C$5004,$P$8,Data!$D$5:$D$5004,$B103,Data!$E$5:$E$5004,$P$9,Data!$F$5:$F$5004,$P$10,Data!$G$5:$G$5004,$P$11)+ExOn*SUMIFS(مثال_Example!$V$5:$V$804,مثال_Example!$B$5:$B$804,$P$6,مثال_Example!$C$5:$C$804,$P$8,مثال_Example!$D$5:$D$804,$B103,مثال_Example!$E$5:$E$804,$P$9,مثال_Example!$F$5:$F$804,$P$10,مثال_Example!$G$5:$G$804,$P$11))) -> 0 | M103: =IF($B103="","",IF(I103=0,"—",(K103+L103)/I103)) -> —
B104: Year 3 | C104: =IF($B104="","",(SUMIFS(Data!$Q$5:$Q$5004,Data!$B$5:$B$5004,$P$6,Data!$C$5:$C$5004,$P$8,Data!$D$5:$D$5004,$B104,Data!$E$5:$E$5004,$P$9,Data!$F$5:$F$5004,$P$10,Data!$G$5:$G$5004,$P$11)+ExOn*SUMIFS(مثال_Example!$Q$5:$Q$804,مثال_Example!$B$5:$B$804,$P$6,مثال_Example!$C$5:$C$804,$P$8,مثال_Example!$D$5:$D$804,$B104,مثال_Example!$E$5:$E$804,$P$9,مثال_Example!$F$5:$F$804,$P$10,مثال_Example!$G$5:$G$804,$P$11))) -> 0 | D104: =IF($B104="","",(SUMIFS(Data!$R$5:$R$5004,Data!$B$5:$B$5004,$P$6,Data!$C$5:$C$5004,$P$8,Data!$D$5:$D$5004,$B104,Data!$E$5:$E$5004,$P$9,Data!$F$5:$F$5004,$P$10,Data!$G$5:$G$5004,$P$11)+ExOn*SUMIFS(مثال_Example!$R$5:$R$804,مثال_Example!$B$5:$B$804,$P$6,مثال_Example!$C$5:$C$804,$P$8,مثال_Example!$D$5:$D$804,$B104,مثال_Example!$E$5:$E$804,$P$9,مثال_Example!$F$5:$F$804,$P$10,مثال_Example!$G$5:$G$804,$P$11))) -> 0 | E104: =IF($B104="","",IF($C104=0,"—",D104/$C104)) -> — | F104: =IF($B104="","",(SUMIFS(Data!$S$5:$S$5004,Data!$B$5:$B$5004,$P$6,Data!$C$5:$C$5004,$P$8,Data!$D$5:$D$5004,$B104,Data!$E$5:$E$5004,$P$9,Data!$F$5:$F$5004,$P$10,Data!$G$5:$G$5004,$P$11)+ExOn*SUMIFS(مثال_Example!$S$5:$S$804,مثال_Example!$B$5:$B$804,$P$6,مثال_Example!$C$5:$C$804,$P$8,مثال_Example!$D$5:$D$804,$B104,مثال_Example!$E$5:$E$804,$P$9,مثال_Example!$F$5:$F$804,$P$10,مثال_Example!$G$5:$G$804,$P$11))) -> 0 | G104: =IF($B104="","",IF($C104=0,"—",F104/$C104)) -> — | H104: =IF($B104="","",IF($C104=0,"لا توجد بيانات",IF(ROUND(D104/C104,10)<=KeyA_VW,"Very Weak",IF(ROUND(D104/C104,10)<KeyA_Weak,"Weak",IF(ROUND(F104/C104,10)<KeyA_Acc,"Acceptable",IF(ROUND(F104/C104,10)<=KeyA_Good,"Good",IF(ROUND(F104/C104,10)<KeyA_Out,"Very Good","Outstanding"))))))) -> لا توجد بيانات | I104: =IF($B104="","",J104+K104+L104) -> 0 | J104: =IF($B104="","",(SUMIFS(Data!$T$5:$T$5004,Data!$B$5:$B$5004,$P$6,Data!$C$5:$C$5004,$P$8,Data!$D$5:$D$5004,$B104,Data!$E$5:$E$5004,$P$9,Data!$F$5:$F$5004,$P$10,Data!$G$5:$G$5004,$P$11)+ExOn*SUMIFS(مثال_Example!$T$5:$T$804,مثال_Example!$B$5:$B$804,$P$6,مثال_Example!$C$5:$C$804,$P$8,مثال_Example!$D$5:$D$804,$B104,مثال_Example!$E$5:$E$804,$P$9,مثال_Example!$F$5:$F$804,$P$10,مثال_Example!$G$5:$G$804,$P$11))) -> 0 | K104: =IF($B104="","",(SUMIFS(Data!$U$5:$U$5004,Data!$B$5:$B$5004,$P$6,Data!$C$5:$C$5004,$P$8,Data!$D$5:$D$5004,$B104,Data!$E$5:$E$5004,$P$9,Data!$F$5:$F$5004,$P$10,Data!$G$5:$G$5004,$P$11)+ExOn*SUMIFS(مثال_Example!$U$5:$U$804,مثال_Example!$B$5:$B$804,$P$6,مثال_Example!$C$5:$C$804,$P$8,مثال_Example!$D$5:$D$804,$B104,مثال_Example!$E$5:$E$804,$P$9,مثال_Example!$F$5:$F$804,$P$10,مثال_Example!$G$5:$G$804,$P$11))) -> 0 | L104: =IF($B104="","",(SUMIFS(Data!$V$5:$V$5004,Data!$B$5:$B$5004,$P$6,Data!$C$5:$C$5004,$P$8,Data!$D$5:$D$5004,$B104,Data!$E$5:$E$5004,$P$9,Data!$F$5:$F$5004,$P$10,Data!$G$5:$G$5004,$P$11)+ExOn*SUMIFS(مثال_Example!$V$5:$V$804,مثال_Example!$B$5:$B$804,$P$6,مثال_Example!$C$5:$C$804,$P$8,مثال_Example!$D$5:$D$804,$B104,مثال_Example!$E$5:$E$804,$P$9,مثال_Example!$F$5:$F$804,$P$10,مثال_Example!$G$5:$G$804,$P$11))) -> 0 | M104: =IF($B104="","",IF(I104=0,"—",(K104+L104)/I104)) -> —
B105: Year 4 | C105: =IF($B105="","",(SUMIFS(Data!$Q$5:$Q$5004,Data!$B$5:$B$5004,$P$6,Data!$C$5:$C$5004,$P$8,Data!$D$5:$D$5004,$B105,Data!$E$5:$E$5004,$P$9,Data!$F$5:$F$5004,$P$10,Data!$G$5:$G$5004,$P$11)+ExOn*SUMIFS(مثال_Example!$Q$5:$Q$804,مثال_Example!$B$5:$B$804,$P$6,مثال_Example!$C$5:$C$804,$P$8,مثال_Example!$D$5:$D$804,$B105,مثال_Example!$E$5:$E$804,$P$9,مثال_Example!$F$5:$F$804,$P$10,مثال_Example!$G$5:$G$804,$P$11))) -> 0 | D105: =IF($B105="","",(SUMIFS(Data!$R$5:$R$5004,Data!$B$5:$B$5004,$P$6,Data!$C$5:$C$5004,$P$8,Data!$D$5:$D$5004,$B105,Data!$E$5:$E$5004,$P$9,Data!$F$5:$F$5004,$P$10,Data!$G$5:$G$5004,$P$11)+ExOn*SUMIFS(مثال_Example!$R$5:$R$804,مثال_Example!$B$5:$B$804,$P$6,مثال_Example!$C$5:$C$804,$P$8,مثال_Example!$D$5:$D$804,$B105,مثال_Example!$E$5:$E$804,$P$9,مثال_Example!$F$5:$F$804,$P$10,مثال_Example!$G$5:$G$804,$P$11))) -> 0 | E105: =IF($B105="","",IF($C105=0,"—",D105/$C105)) -> — | F105: =IF($B105="","",(SUMIFS(Data!$S$5:$S$5004,Data!$B$5:$B$5004,$P$6,Data!$C$5:$C$5004,$P$8,Data!$D$5:$D$5004,$B105,Data!$E$5:$E$5004,$P$9,Data!$F$5:$F$5004,$P$10,Data!$G$5:$G$5004,$P$11)+ExOn*SUMIFS(مثال_Example!$S$5:$S$804,مثال_Example!$B$5:$B$804,$P$6,مثال_Example!$C$5:$C$804,$P$8,مثال_Example!$D$5:$D$804,$B105,مثال_Example!$E$5:$E$804,$P$9,مثال_Example!$F$5:$F$804,$P$10,مثال_Example!$G$5:$G$804,$P$11))) -> 0 | G105: =IF($B105="","",IF($C105=0,"—",F105/$C105)) -> — | H105: =IF($B105="","",IF($C105=0,"لا توجد بيانات",IF(ROUND(D105/C105,10)<=KeyA_VW,"Very Weak",IF(ROUND(D105/C105,10)<KeyA_Weak,"Weak",IF(ROUND(F105/C105,10)<KeyA_Acc,"Acceptable",IF(ROUND(F105/C105,10)<=KeyA_Good,"Good",IF(ROUND(F105/C105,10)<KeyA_Out,"Very Good","Outstanding"))))))) -> لا توجد بيانات | I105: =IF($B105="","",J105+K105+L105) -> 0 | J105: =IF($B105="","",(SUMIFS(Data!$T$5:$T$5004,Data!$B$5:$B$5004,$P$6,Data!$C$5:$C$5004,$P$8,Data!$D$5:$D$5004,$B105,Data!$E$5:$E$5004,$P$9,Data!$F$5:$F$5004,$P$10,Data!$G$5:$G$5004,$P$11)+ExOn*SUMIFS(مثال_Example!$T$5:$T$804,مثال_Example!$B$5:$B$804,$P$6,مثال_Example!$C$5:$C$804,$P$8,مثال_Example!$D$5:$D$804,$B105,مثال_Example!$E$5:$E$804,$P$9,مثال_Example!$F$5:$F$804,$P$10,مثال_Example!$G$5:$G$804,$P$11))) -> 0 | K105: =IF($B105="","",(SUMIFS(Data!$U$5:$U$5004,Data!$B$5:$B$5004,$P$6,Data!$C$5:$C$5004,$P$8,Data!$D$5:$D$5004,$B105,Data!$E$5:$E$5004,$P$9,Data!$F$5:$F$5004,$P$10,Data!$G$5:$G$5004,$P$11)+ExOn*SUMIFS(مثال_Example!$U$5:$U$804,مثال_Example!$B$5:$B$804,$P$6,مثال_Example!$C$5:$C$804,$P$8,مثال_Example!$D$5:$D$804,$B105,مثال_Example!$E$5:$E$804,$P$9,مثال_Example!$F$5:$F$804,$P$10,مثال_Example!$G$5:$G$804,$P$11))) -> 0 | L105: =IF($B105="","",(SUMIFS(Data!$V$5:$V$5004,Data!$B$5:$B$5004,$P$6,Data!$C$5:$C$5004,$P$8,Data!$D$5:$D$5004,$B105,Data!$E$5:$E$5004,$P$9,Data!$F$5:$F$5004,$P$10,Data!$G$5:$G$5004,$P$11)+ExOn*SUMIFS(مثال_Example!$V$5:$V$804,مثال_Example!$B$5:$B$804,$P$6,مثال_Example!$C$5:$C$804,$P$8,مثال_Example!$D$5:$D$804,$B105,مثال_Example!$E$5:$E$804,$P$9,مثال_Example!$F$5:$F$804,$P$10,مثال_Example!$G$5:$G$804,$P$11))) -> 0 | M105: =IF($B105="","",IF(I105=0,"—",(K105+L105)/I105)) -> —
B106: Year 5 | C106: =IF($B106="","",(SUMIFS(Data!$Q$5:$Q$5004,Data!$B$5:$B$5004,$P$6,Data!$C$5:$C$5004,$P$8,Data!$D$5:$D$5004,$B106,Data!$E$5:$E$5004,$P$9,Data!$F$5:$F$5004,$P$10,Data!$G$5:$G$5004,$P$11)+ExOn*SUMIFS(مثال_Example!$Q$5:$Q$804,مثال_Example!$B$5:$B$804,$P$6,مثال_Example!$C$5:$C$804,$P$8,مثال_Example!$D$5:$D$804,$B106,مثال_Example!$E$5:$E$804,$P$9,مثال_Example!$F$5:$F$804,$P$10,مثال_Example!$G$5:$G$804,$P$11))) -> 0 | D106: =IF($B106="","",(SUMIFS(Data!$R$5:$R$5004,Data!$B$5:$B$5004,$P$6,Data!$C$5:$C$5004,$P$8,Data!$D$5:$D$5004,$B106,Data!$E$5:$E$5004,$P$9,Data!$F$5:$F$5004,$P$10,Data!$G$5:$G$5004,$P$11)+ExOn*SUMIFS(مثال_Example!$R$5:$R$804,مثال_Example!$B$5:$B$804,$P$6,مثال_Example!$C$5:$C$804,$P$8,مثال_Example!$D$5:$D$804,$B106,مثال_Example!$E$5:$E$804,$P$9,مثال_Example!$F$5:$F$804,$P$10,مثال_Example!$G$5:$G$804,$P$11))) -> 0 | E106: =IF($B106="","",IF($C106=0,"—",D106/$C106)) -> — | F106: =IF($B106="","",(SUMIFS(Data!$S$5:$S$5004,Data!$B$5:$B$5004,$P$6,Data!$C$5:$C$5004,$P$8,Data!$D$5:$D$5004,$B106,Data!$E$5:$E$5004,$P$9,Data!$F$5:$F$5004,$P$10,Data!$G$5:$G$5004,$P$11)+ExOn*SUMIFS(مثال_Example!$S$5:$S$804,مثال_Example!$B$5:$B$804,$P$6,مثال_Example!$C$5:$C$804,$P$8,مثال_Example!$D$5:$D$804,$B106,مثال_Example!$E$5:$E$804,$P$9,مثال_Example!$F$5:$F$804,$P$10,مثال_Example!$G$5:$G$804,$P$11))) -> 0 | G106: =IF($B106="","",IF($C106=0,"—",F106/$C106)) -> — | H106: =IF($B106="","",IF($C106=0,"لا توجد بيانات",IF(ROUND(D106/C106,10)<=KeyA_VW,"Very Weak",IF(ROUND(D106/C106,10)<KeyA_Weak,"Weak",IF(ROUND(F106/C106,10)<KeyA_Acc,"Acceptable",IF(ROUND(F106/C106,10)<=KeyA_Good,"Good",IF(ROUND(F106/C106,10)<KeyA_Out,"Very Good","Outstanding"))))))) -> لا توجد بيانات | I106: =IF($B106="","",J106+K106+L106) -> 0 | J106: =IF($B106="","",(SUMIFS(Data!$T$5:$T$5004,Data!$B$5:$B$5004,$P$6,Data!$C$5:$C$5004,$P$8,Data!$D$5:$D$5004,$B106,Data!$E$5:$E$5004,$P$9,Data!$F$5:$F$5004,$P$10,Data!$G$5:$G$5004,$P$11)+ExOn*SUMIFS(مثال_Example!$T$5:$T$804,مثال_Example!$B$5:$B$804,$P$6,مثال_Example!$C$5:$C$804,$P$8,مثال_Example!$D$5:$D$804,$B106,مثال_Example!$E$5:$E$804,$P$9,مثال_Example!$F$5:$F$804,$P$10,مثال_Example!$G$5:$G$804,$P$11))) -> 0 | K106: =IF($B106="","",(SUMIFS(Data!$U$5:$U$5004,Data!$B$5:$B$5004,$P$6,Data!$C$5:$C$5004,$P$8,Data!$D$5:$D$5004,$B106,Data!$E$5:$E$5004,$P$9,Data!$F$5:$F$5004,$P$10,Data!$G$5:$G$5004,$P$11)+ExOn*SUMIFS(مثال_Example!$U$5:$U$804,مثال_Example!$B$5:$B$804,$P$6,مثال_Example!$C$5:$C$804,$P$8,مثال_Example!$D$5:$D$804,$B106,مثال_Example!$E$5:$E$804,$P$9,مثال_Example!$F$5:$F$804,$P$10,مثال_Example!$G$5:$G$804,$P$11))) -> 0 | L106: =IF($B106="","",(SUMIFS(Data!$V$5:$V$5004,Data!$B$5:$B$5004,$P$6,Data!$C$5:$C$5004,$P$8,Data!$D$5:$D$5004,$B106,Data!$E$5:$E$5004,$P$9,Data!$F$5:$F$5004,$P$10,Data!$G$5:$G$5004,$P$11)+ExOn*SUMIFS(مثال_Example!$V$5:$V$804,مثال_Example!$B$5:$B$804,$P$6,مثال_Example!$C$5:$C$804,$P$8,مثال_Example!$D$5:$D$804,$B106,مثال_Example!$E$5:$E$804,$P$9,مثال_Example!$F$5:$F$804,$P$10,مثال_Example!$G$5:$G$804,$P$11))) -> 0 | M106: =IF($B106="","",IF(I106=0,"—",(K106+L106)/I106)) -> —
B107: Year 6 | C107: =IF($B107="","",(SUMIFS(Data!$Q$5:$Q$5004,Data!$B$5:$B$5004,$P$6,Data!$C$5:$C$5004,$P$8,Data!$D$5:$D$5004,$B107,Data!$E$5:$E$5004,$P$9,Data!$F$5:$F$5004,$P$10,Data!$G$5:$G$5004,$P$11)+ExOn*SUMIFS(مثال_Example!$Q$5:$Q$804,مثال_Example!$B$5:$B$804,$P$6,مثال_Example!$C$5:$C$804,$P$8,مثال_Example!$D$5:$D$804,$B107,مثال_Example!$E$5:$E$804,$P$9,مثال_Example!$F$5:$F$804,$P$10,مثال_Example!$G$5:$G$804,$P$11))) -> 0 | D107: =IF($B107="","",(SUMIFS(Data!$R$5:$R$5004,Data!$B$5:$B$5004,$P$6,Data!$C$5:$C$5004,$P$8,Data!$D$5:$D$5004,$B107,Data!$E$5:$E$5004,$P$9,Data!$F$5:$F$5004,$P$10,Data!$G$5:$G$5004,$P$11)+ExOn*SUMIFS(مثال_Example!$R$5:$R$804,مثال_Example!$B$5:$B$804,$P$6,مثال_Example!$C$5:$C$804,$P$8,مثال_Example!$D$5:$D$804,$B107,مثال_Example!$E$5:$E$804,$P$9,مثال_Example!$F$5:$F$804,$P$10,مثال_Example!$G$5:$G$804,$P$11))) -> 0 | E107: =IF($B107="","",IF($C107=0,"—",D107/$C107)) -> — | F107: =IF($B107="","",(SUMIFS(Data!$S$5:$S$5004,Data!$B$5:$B$5004,$P$6,Data!$C$5:$C$5004,$P$8,Data!$D$5:$D$5004,$B107,Data!$E$5:$E$5004,$P$9,Data!$F$5:$F$5004,$P$10,Data!$G$5:$G$5004,$P$11)+ExOn*SUMIFS(مثال_Example!$S$5:$S$804,مثال_Example!$B$5:$B$804,$P$6,مثال_Example!$C$5:$C$804,$P$8,مثال_Example!$D$5:$D$804,$B107,مثال_Example!$E$5:$E$804,$P$9,مثال_Example!$F$5:$F$804,$P$10,مثال_Example!$G$5:$G$804,$P$11))) -> 0 | G107: =IF($B107="","",IF($C107=0,"—",F107/$C107)) -> — | H107: =IF($B107="","",IF($C107=0,"لا توجد بيانات",IF(ROUND(D107/C107,10)<=KeyA_VW,"Very Weak",IF(ROUND(D107/C107,10)<KeyA_Weak,"Weak",IF(ROUND(F107/C107,10)<KeyA_Acc,"Acceptable",IF(ROUND(F107/C107,10)<=KeyA_Good,"Good",IF(ROUND(F107/C107,10)<KeyA_Out,"Very Good","Outstanding"))))))) -> لا توجد بيانات | I107: =IF($B107="","",J107+K107+L107) -> 0 | J107: =IF($B107="","",(SUMIFS(Data!$T$5:$T$5004,Data!$B$5:$B$5004,$P$6,Data!$C$5:$C$5004,$P$8,Data!$D$5:$D$5004,$B107,Data!$E$5:$E$5004,$P$9,Data!$F$5:$F$5004,$P$10,Data!$G$5:$G$5004,$P$11)+ExOn*SUMIFS(مثال_Example!$T$5:$T$804,مثال_Example!$B$5:$B$804,$P$6,مثال_Example!$C$5:$C$804,$P$8,مثال_Example!$D$5:$D$804,$B107,مثال_Example!$E$5:$E$804,$P$9,مثال_Example!$F$5:$F$804,$P$10,مثال_Example!$G$5:$G$804,$P$11))) -> 0 | K107: =IF($B107="","",(SUMIFS(Data!$U$5:$U$5004,Data!$B$5:$B$5004,$P$6,Data!$C$5:$C$5004,$P$8,Data!$D$5:$D$5004,$B107,Data!$E$5:$E$5004,$P$9,Data!$F$5:$F$5004,$P$10,Data!$G$5:$G$5004,$P$11)+ExOn*SUMIFS(مثال_Example!$U$5:$U$804,مثال_Example!$B$5:$B$804,$P$6,مثال_Example!$C$5:$C$804,$P$8,مثال_Example!$D$5:$D$804,$B107,مثال_Example!$E$5:$E$804,$P$9,مثال_Example!$F$5:$F$804,$P$10,مثال_Example!$G$5:$G$804,$P$11))) -> 0 | L107: =IF($B107="","",(SUMIFS(Data!$V$5:$V$5004,Data!$B$5:$B$5004,$P$6,Data!$C$5:$C$5004,$P$8,Data!$D$5:$D$5004,$B107,Data!$E$5:$E$5004,$P$9,Data!$F$5:$F$5004,$P$10,Data!$G$5:$G$5004,$P$11)+ExOn*SUMIFS(مثال_Example!$V$5:$V$804,مثال_Example!$B$5:$B$804,$P$6,مثال_Example!$C$5:$C$804,$P$8,مثال_Example!$D$5:$D$804,$B107,مثال_Example!$E$5:$E$804,$P$9,مثال_Example!$F$5:$F$804,$P$10,مثال_Example!$G$5:$G$804,$P$11))) -> 0 | M107: =IF($B107="","",IF(I107=0,"—",(K107+L107)/I107)) -> —
B108: Year 7 | C108: =IF($B108="","",(SUMIFS(Data!$Q$5:$Q$5004,Data!$B$5:$B$5004,$P$6,Data!$C$5:$C$5004,$P$8,Data!$D$5:$D$5004,$B108,Data!$E$5:$E$5004,$P$9,Data!$F$5:$F$5004,$P$10,Data!$G$5:$G$5004,$P$11)+ExOn*SUMIFS(مثال_Example!$Q$5:$Q$804,مثال_Example!$B$5:$B$804,$P$6,مثال_Example!$C$5:$C$804,$P$8,مثال_Example!$D$5:$D$804,$B108,مثال_Example!$E$5:$E$804,$P$9,مثال_Example!$F$5:$F$804,$P$10,مثال_Example!$G$5:$G$804,$P$11))) -> 0 | D108: =IF($B108="","",(SUMIFS(Data!$R$5:$R$5004,Data!$B$5:$B$5004,$P$6,Data!$C$5:$C$5004,$P$8,Data!$D$5:$D$5004,$B108,Data!$E$5:$E$5004,$P$9,Data!$F$5:$F$5004,$P$10,Data!$G$5:$G$5004,$P$11)+ExOn*SUMIFS(مثال_Example!$R$5:$R$804,مثال_Example!$B$5:$B$804,$P$6,مثال_Example!$C$5:$C$804,$P$8,مثال_Example!$D$5:$D$804,$B108,مثال_Example!$E$5:$E$804,$P$9,مثال_Example!$F$5:$F$804,$P$10,مثال_Example!$G$5:$G$804,$P$11))) -> 0 | E108: =IF($B108="","",IF($C108=0,"—",D108/$C108)) -> — | F108: =IF($B108="","",(SUMIFS(Data!$S$5:$S$5004,Data!$B$5:$B$5004,$P$6,Data!$C$5:$C$5004,$P$8,Data!$D$5:$D$5004,$B108,Data!$E$5:$E$5004,$P$9,Data!$F$5:$F$5004,$P$10,Data!$G$5:$G$5004,$P$11)+ExOn*SUMIFS(مثال_Example!$S$5:$S$804,مثال_Example!$B$5:$B$804,$P$6,مثال_Example!$C$5:$C$804,$P$8,مثال_Example!$D$5:$D$804,$B108,مثال_Example!$E$5:$E$804,$P$9,مثال_Example!$F$5:$F$804,$P$10,مثال_Example!$G$5:$G$804,$P$11))) -> 0 | G108: =IF($B108="","",IF($C108=0,"—",F108/$C108)) -> — | H108: =IF($B108="","",IF($C108=0,"لا توجد بيانات",IF(ROUND(D108/C108,10)<=KeyA_VW,"Very Weak",IF(ROUND(D108/C108,10)<KeyA_Weak,"Weak",IF(ROUND(F108/C108,10)<KeyA_Acc,"Acceptable",IF(ROUND(F108/C108,10)<=KeyA_Good,"Good",IF(ROUND(F108/C108,10)<KeyA_Out,"Very Good","Outstanding"))))))) -> لا توجد بيانات | I108: =IF($B108="","",J108+K108+L108) -> 0 | J108: =IF($B108="","",(SUMIFS(Data!$T$5:$T$5004,Data!$B$5:$B$5004,$P$6,Data!$C$5:$C$5004,$P$8,Data!$D$5:$D$5004,$B108,Data!$E$5:$E$5004,$P$9,Data!$F$5:$F$5004,$P$10,Data!$G$5:$G$5004,$P$11)+ExOn*SUMIFS(مثال_Example!$T$5:$T$804,مثال_Example!$B$5:$B$804,$P$6,مثال_Example!$C$5:$C$804,$P$8,مثال_Example!$D$5:$D$804,$B108,مثال_Example!$E$5:$E$804,$P$9,مثال_Example!$F$5:$F$804,$P$10,مثال_Example!$G$5:$G$804,$P$11))) -> 0 | K108: =IF($B108="","",(SUMIFS(Data!$U$5:$U$5004,Data!$B$5:$B$5004,$P$6,Data!$C$5:$C$5004,$P$8,Data!$D$5:$D$5004,$B108,Data!$E$5:$E$5004,$P$9,Data!$F$5:$F$5004,$P$10,Data!$G$5:$G$5004,$P$11)+ExOn*SUMIFS(مثال_Example!$U$5:$U$804,مثال_Example!$B$5:$B$804,$P$6,مثال_Example!$C$5:$C$804,$P$8,مثال_Example!$D$5:$D$804,$B108,مثال_Example!$E$5:$E$804,$P$9,مثال_Example!$F$5:$F$804,$P$10,مثال_Example!$G$5:$G$804,$P$11))) -> 0 | L108: =IF($B108="","",(SUMIFS(Data!$V$5:$V$5004,Data!$B$5:$B$5004,$P$6,Data!$C$5:$C$5004,$P$8,Data!$D$5:$D$5004,$B108,Data!$E$5:$E$5004,$P$9,Data!$F$5:$F$5004,$P$10,Data!$G$5:$G$5004,$P$11)+ExOn*SUMIFS(مثال_Example!$V$5:$V$804,مثال_Example!$B$5:$B$804,$P$6,مثال_Example!$C$5:$C$804,$P$8,مثال_Example!$D$5:$D$804,$B108,مثال_Example!$E$5:$E$804,$P$9,مثال_Example!$F$5:$F$804,$P$10,مثال_Example!$G$5:$G$804,$P$11))) -> 0 | M108: =IF($B108="","",IF(I108=0,"—",(K108+L108)/I108)) -> —
B109: Year 8 | C109: =IF($B109="","",(SUMIFS(Data!$Q$5:$Q$5004,Data!$B$5:$B$5004,$P$6,Data!$C$5:$C$5004,$P$8,Data!$D$5:$D$5004,$B109,Data!$E$5:$E$5004,$P$9,Data!$F$5:$F$5004,$P$10,Data!$G$5:$G$5004,$P$11)+ExOn*SUMIFS(مثال_Example!$Q$5:$Q$804,مثال_Example!$B$5:$B$804,$P$6,مثال_Example!$C$5:$C$804,$P$8,مثال_Example!$D$5:$D$804,$B109,مثال_Example!$E$5:$E$804,$P$9,مثال_Example!$F$5:$F$804,$P$10,مثال_Example!$G$5:$G$804,$P$11))) -> 0 | D109: =IF($B109="","",(SUMIFS(Data!$R$5:$R$5004,Data!$B$5:$B$5004,$P$6,Data!$C$5:$C$5004,$P$8,Data!$D$5:$D$5004,$B109,Data!$E$5:$E$5004,$P$9,Data!$F$5:$F$5004,$P$10,Data!$G$5:$G$5004,$P$11)+ExOn*SUMIFS(مثال_Example!$R$5:$R$804,مثال_Example!$B$5:$B$804,$P$6,مثال_Example!$C$5:$C$804,$P$8,مثال_Example!$D$5:$D$804,$B109,مثال_Example!$E$5:$E$804,$P$9,مثال_Example!$F$5:$F$804,$P$10,مثال_Example!$G$5:$G$804,$P$11))) -> 0 | E109: =IF($B109="","",IF($C109=0,"—",D109/$C109)) -> — | F109: =IF($B109="","",(SUMIFS(Data!$S$5:$S$5004,Data!$B$5:$B$5004,$P$6,Data!$C$5:$C$5004,$P$8,Data!$D$5:$D$5004,$B109,Data!$E$5:$E$5004,$P$9,Data!$F$5:$F$5004,$P$10,Data!$G$5:$G$5004,$P$11)+ExOn*SUMIFS(مثال_Example!$S$5:$S$804,مثال_Example!$B$5:$B$804,$P$6,مثال_Example!$C$5:$C$804,$P$8,مثال_Example!$D$5:$D$804,$B109,مثال_Example!$E$5:$E$804,$P$9,مثال_Example!$F$5:$F$804,$P$10,مثال_Example!$G$5:$G$804,$P$11))) -> 0 | G109: =IF($B109="","",IF($C109=0,"—",F109/$C109)) -> — | H109: =IF($B109="","",IF($C109=0,"لا توجد بيانات",IF(ROUND(D109/C109,10)<=KeyA_VW,"Very Weak",IF(ROUND(D109/C109,10)<KeyA_Weak,"Weak",IF(ROUND(F109/C109,10)<KeyA_Acc,"Acceptable",IF(ROUND(F109/C109,10)<=KeyA_Good,"Good",IF(ROUND(F109/C109,10)<KeyA_Out,"Very Good","Outstanding"))))))) -> لا توجد بيانات | I109: =IF($B109="","",J109+K109+L109) -> 0 | J109: =IF($B109="","",(SUMIFS(Data!$T$5:$T$5004,Data!$B$5:$B$5004,$P$6,Data!$C$5:$C$5004,$P$8,Data!$D$5:$D$5004,$B109,Data!$E$5:$E$5004,$P$9,Data!$F$5:$F$5004,$P$10,Data!$G$5:$G$5004,$P$11)+ExOn*SUMIFS(مثال_Example!$T$5:$T$804,مثال_Example!$B$5:$B$804,$P$6,مثال_Example!$C$5:$C$804,$P$8,مثال_Example!$D$5:$D$804,$B109,مثال_Example!$E$5:$E$804,$P$9,مثال_Example!$F$5:$F$804,$P$10,مثال_Example!$G$5:$G$804,$P$11))) -> 0 | K109: =IF($B109="","",(SUMIFS(Data!$U$5:$U$5004,Data!$B$5:$B$5004,$P$6,Data!$C$5:$C$5004,$P$8,Data!$D$5:$D$5004,$B109,Data!$E$5:$E$5004,$P$9,Data!$F$5:$F$5004,$P$10,Data!$G$5:$G$5004,$P$11)+ExOn*SUMIFS(مثال_Example!$U$5:$U$804,مثال_Example!$B$5:$B$804,$P$6,مثال_Example!$C$5:$C$804,$P$8,مثال_Example!$D$5:$D$804,$B109,مثال_Example!$E$5:$E$804,$P$9,مثال_Example!$F$5:$F$804,$P$10,مثال_Example!$G$5:$G$804,$P$11))) -> 0 | L109: =IF($B109="","",(SUMIFS(Data!$V$5:$V$5004,Data!$B$5:$B$5004,$P$6,Data!$C$5:$C$5004,$P$8,Data!$D$5:$D$5004,$B109,Data!$E$5:$E$5004,$P$9,Data!$F$5:$F$5004,$P$10,Data!$G$5:$G$5004,$P$11)+ExOn*SUMIFS(مثال_Example!$V$5:$V$804,مثال_Example!$B$5:$B$804,$P$6,مثال_Example!$C$5:$C$804,$P$8,مثال_Example!$D$5:$D$804,$B109,مثال_Example!$E$5:$E$804,$P$9,مثال_Example!$F$5:$F$804,$P$10,مثال_Example!$G$5:$G$804,$P$11))) -> 0 | M109: =IF($B109="","",IF(I109=0,"—",(K109+L109)/I109)) -> —
B110: Year 9 | C110: =IF($B110="","",(SUMIFS(Data!$Q$5:$Q$5004,Data!$B$5:$B$5004,$P$6,Data!$C$5:$C$5004,$P$8,Data!$D$5:$D$5004,$B110,Data!$E$5:$E$5004,$P$9,Data!$F$5:$F$5004,$P$10,Data!$G$5:$G$5004,$P$11)+ExOn*SUMIFS(مثال_Example!$Q$5:$Q$804,مثال_Example!$B$5:$B$804,$P$6,مثال_Example!$C$5:$C$804,$P$8,مثال_Example!$D$5:$D$804,$B110,مثال_Example!$E$5:$E$804,$P$9,مثال_Example!$F$5:$F$804,$P$10,مثال_Example!$G$5:$G$804,$P$11))) -> 0 | D110: =IF($B110="","",(SUMIFS(Data!$R$5:$R$5004,Data!$B$5:$B$5004,$P$6,Data!$C$5:$C$5004,$P$8,Data!$D$5:$D$5004,$B110,Data!$E$5:$E$5004,$P$9,Data!$F$5:$F$5004,$P$10,Data!$G$5:$G$5004,$P$11)+ExOn*SUMIFS(مثال_Example!$R$5:$R$804,مثال_Example!$B$5:$B$804,$P$6,مثال_Example!$C$5:$C$804,$P$8,مثال_Example!$D$5:$D$804,$B110,مثال_Example!$E$5:$E$804,$P$9,مثال_Example!$F$5:$F$804,$P$10,مثال_Example!$G$5:$G$804,$P$11))) -> 0 | E110: =IF($B110="","",IF($C110=0,"—",D110/$C110)) -> — | F110: =IF($B110="","",(SUMIFS(Data!$S$5:$S$5004,Data!$B$5:$B$5004,$P$6,Data!$C$5:$C$5004,$P$8,Data!$D$5:$D$5004,$B110,Data!$E$5:$E$5004,$P$9,Data!$F$5:$F$5004,$P$10,Data!$G$5:$G$5004,$P$11)+ExOn*SUMIFS(مثال_Example!$S$5:$S$804,مثال_Example!$B$5:$B$804,$P$6,مثال_Example!$C$5:$C$804,$P$8,مثال_Example!$D$5:$D$804,$B110,مثال_Example!$E$5:$E$804,$P$9,مثال_Example!$F$5:$F$804,$P$10,مثال_Example!$G$5:$G$804,$P$11))) -> 0 | G110: =IF($B110="","",IF($C110=0,"—",F110/$C110)) -> — | H110: =IF($B110="","",IF($C110=0,"لا توجد بيانات",IF(ROUND(D110/C110,10)<=KeyA_VW,"Very Weak",IF(ROUND(D110/C110,10)<KeyA_Weak,"Weak",IF(ROUND(F110/C110,10)<KeyA_Acc,"Acceptable",IF(ROUND(F110/C110,10)<=KeyA_Good,"Good",IF(ROUND(F110/C110,10)<KeyA_Out,"Very Good","Outstanding"))))))) -> لا توجد بيانات | I110: =IF($B110="","",J110+K110+L110) -> 0 | J110: =IF($B110="","",(SUMIFS(Data!$T$5:$T$5004,Data!$B$5:$B$5004,$P$6,Data!$C$5:$C$5004,$P$8,Data!$D$5:$D$5004,$B110,Data!$E$5:$E$5004,$P$9,Data!$F$5:$F$5004,$P$10,Data!$G$5:$G$5004,$P$11)+ExOn*SUMIFS(مثال_Example!$T$5:$T$804,مثال_Example!$B$5:$B$804,$P$6,مثال_Example!$C$5:$C$804,$P$8,مثال_Example!$D$5:$D$804,$B110,مثال_Example!$E$5:$E$804,$P$9,مثال_Example!$F$5:$F$804,$P$10,مثال_Example!$G$5:$G$804,$P$11))) -> 0 | K110: =IF($B110="","",(SUMIFS(Data!$U$5:$U$5004,Data!$B$5:$B$5004,$P$6,Data!$C$5:$C$5004,$P$8,Data!$D$5:$D$5004,$B110,Data!$E$5:$E$5004,$P$9,Data!$F$5:$F$5004,$P$10,Data!$G$5:$G$5004,$P$11)+ExOn*SUMIFS(مثال_Example!$U$5:$U$804,مثال_Example!$B$5:$B$804,$P$6,مثال_Example!$C$5:$C$804,$P$8,مثال_Example!$D$5:$D$804,$B110,مثال_Example!$E$5:$E$804,$P$9,مثال_Example!$F$5:$F$804,$P$10,مثال_Example!$G$5:$G$804,$P$11))) -> 0 | L110: =IF($B110="","",(SUMIFS(Data!$V$5:$V$5004,Data!$B$5:$B$5004,$P$6,Data!$C$5:$C$5004,$P$8,Data!$D$5:$D$5004,$B110,Data!$E$5:$E$5004,$P$9,Data!$F$5:$F$5004,$P$10,Data!$G$5:$G$5004,$P$11)+ExOn*SUMIFS(مثال_Example!$V$5:$V$804,مثال_Example!$B$5:$B$804,$P$6,مثال_Example!$C$5:$C$804,$P$8,مثال_Example!$D$5:$D$804,$B110,مثال_Example!$E$5:$E$804,$P$9,مثال_Example!$F$5:$F$804,$P$10,مثال_Example!$G$5:$G$804,$P$11))) -> 0 | M110: =IF($B110="","",IF(I110=0,"—",(K110+L110)/I110)) -> —
B111: Year 10 | C111: =IF($B111="","",(SUMIFS(Data!$Q$5:$Q$5004,Data!$B$5:$B$5004,$P$6,Data!$C$5:$C$5004,$P$8,Data!$D$5:$D$5004,$B111,Data!$E$5:$E$5004,$P$9,Data!$F$5:$F$5004,$P$10,Data!$G$5:$G$5004,$P$11)+ExOn*SUMIFS(مثال_Example!$Q$5:$Q$804,مثال_Example!$B$5:$B$804,$P$6,مثال_Example!$C$5:$C$804,$P$8,مثال_Example!$D$5:$D$804,$B111,مثال_Example!$E$5:$E$804,$P$9,مثال_Example!$F$5:$F$804,$P$10,مثال_Example!$G$5:$G$804,$P$11))) -> 0 | D111: =IF($B111="","",(SUMIFS(Data!$R$5:$R$5004,Data!$B$5:$B$5004,$P$6,Data!$C$5:$C$5004,$P$8,Data!$D$5:$D$5004,$B111,Data!$E$5:$E$5004,$P$9,Data!$F$5:$F$5004,$P$10,Data!$G$5:$G$5004,$P$11)+ExOn*SUMIFS(مثال_Example!$R$5:$R$804,مثال_Example!$B$5:$B$804,$P$6,مثال_Example!$C$5:$C$804,$P$8,مثال_Example!$D$5:$D$804,$B111,مثال_Example!$E$5:$E$804,$P$9,مثال_Example!$F$5:$F$804,$P$10,مثال_Example!$G$5:$G$804,$P$11))) -> 0 | E111: =IF($B111="","",IF($C111=0,"—",D111/$C111)) -> — | F111: =IF($B111="","",(SUMIFS(Data!$S$5:$S$5004,Data!$B$5:$B$5004,$P$6,Data!$C$5:$C$5004,$P$8,Data!$D$5:$D$5004,$B111,Data!$E$5:$E$5004,$P$9,Data!$F$5:$F$5004,$P$10,Data!$G$5:$G$5004,$P$11)+ExOn*SUMIFS(مثال_Example!$S$5:$S$804,مثال_Example!$B$5:$B$804,$P$6,مثال_Example!$C$5:$C$804,$P$8,مثال_Example!$D$5:$D$804,$B111,مثال_Example!$E$5:$E$804,$P$9,مثال_Example!$F$5:$F$804,$P$10,مثال_Example!$G$5:$G$804,$P$11))) -> 0 | G111: =IF($B111="","",IF($C111=0,"—",F111/$C111)) -> — | H111: =IF($B111="","",IF($C111=0,"لا توجد بيانات",IF(ROUND(D111/C111,10)<=KeyA_VW,"Very Weak",IF(ROUND(D111/C111,10)<KeyA_Weak,"Weak",IF(ROUND(F111/C111,10)<KeyA_Acc,"Acceptable",IF(ROUND(F111/C111,10)<=KeyA_Good,"Good",IF(ROUND(F111/C111,10)<KeyA_Out,"Very Good","Outstanding"))))))) -> لا توجد بيانات | I111: =IF($B111="","",J111+K111+L111) -> 0 | J111: =IF($B111="","",(SUMIFS(Data!$T$5:$T$5004,Data!$B$5:$B$5004,$P$6,Data!$C$5:$C$5004,$P$8,Data!$D$5:$D$5004,$B111,Data!$E$5:$E$5004,$P$9,Data!$F$5:$F$5004,$P$10,Data!$G$5:$G$5004,$P$11)+ExOn*SUMIFS(مثال_Example!$T$5:$T$804,مثال_Example!$B$5:$B$804,$P$6,مثال_Example!$C$5:$C$804,$P$8,مثال_Example!$D$5:$D$804,$B111,مثال_Example!$E$5:$E$804,$P$9,مثال_Example!$F$5:$F$804,$P$10,مثال_Example!$G$5:$G$804,$P$11))) -> 0 | K111: =IF($B111="","",(SUMIFS(Data!$U$5:$U$5004,Data!$B$5:$B$5004,$P$6,Data!$C$5:$C$5004,$P$8,Data!$D$5:$D$5004,$B111,Data!$E$5:$E$5004,$P$9,Data!$F$5:$F$5004,$P$10,Data!$G$5:$G$5004,$P$11)+ExOn*SUMIFS(مثال_Example!$U$5:$U$804,مثال_Example!$B$5:$B$804,$P$6,مثال_Example!$C$5:$C$804,$P$8,مثال_Example!$D$5:$D$804,$B111,مثال_Example!$E$5:$E$804,$P$9,مثال_Example!$F$5:$F$804,$P$10,مثال_Example!$G$5:$G$804,$P$11))) -> 0 | L111: =IF($B111="","",(SUMIFS(Data!$V$5:$V$5004,Data!$B$5:$B$5004,$P$6,Data!$C$5:$C$5004,$P$8,Data!$D$5:$D$5004,$B111,Data!$E$5:$E$5004,$P$9,Data!$F$5:$F$5004,$P$10,Data!$G$5:$G$5004,$P$11)+ExOn*SUMIFS(مثال_Example!$V$5:$V$804,مثال_Example!$B$5:$B$804,$P$6,مثال_Example!$C$5:$C$804,$P$8,مثال_Example!$D$5:$D$804,$B111,مثال_Example!$E$5:$E$804,$P$9,مثال_Example!$F$5:$F$804,$P$10,مثال_Example!$G$5:$G$804,$P$11))) -> 0 | M111: =IF($B111="","",IF(I111=0,"—",(K111+L111)/I111)) -> —
B112: Year 11 | C112: =IF($B112="","",(SUMIFS(Data!$Q$5:$Q$5004,Data!$B$5:$B$5004,$P$6,Data!$C$5:$C$5004,$P$8,Data!$D$5:$D$5004,$B112,Data!$E$5:$E$5004,$P$9,Data!$F$5:$F$5004,$P$10,Data!$G$5:$G$5004,$P$11)+ExOn*SUMIFS(مثال_Example!$Q$5:$Q$804,مثال_Example!$B$5:$B$804,$P$6,مثال_Example!$C$5:$C$804,$P$8,مثال_Example!$D$5:$D$804,$B112,مثال_Example!$E$5:$E$804,$P$9,مثال_Example!$F$5:$F$804,$P$10,مثال_Example!$G$5:$G$804,$P$11))) -> 0 | D112: =IF($B112="","",(SUMIFS(Data!$R$5:$R$5004,Data!$B$5:$B$5004,$P$6,Data!$C$5:$C$5004,$P$8,Data!$D$5:$D$5004,$B112,Data!$E$5:$E$5004,$P$9,Data!$F$5:$F$5004,$P$10,Data!$G$5:$G$5004,$P$11)+ExOn*SUMIFS(مثال_Example!$R$5:$R$804,مثال_Example!$B$5:$B$804,$P$6,مثال_Example!$C$5:$C$804,$P$8,مثال_Example!$D$5:$D$804,$B112,مثال_Example!$E$5:$E$804,$P$9,مثال_Example!$F$5:$F$804,$P$10,مثال_Example!$G$5:$G$804,$P$11))) -> 0 | E112: =IF($B112="","",IF($C112=0,"—",D112/$C112)) -> — | F112: =IF($B112="","",(SUMIFS(Data!$S$5:$S$5004,Data!$B$5:$B$5004,$P$6,Data!$C$5:$C$5004,$P$8,Data!$D$5:$D$5004,$B112,Data!$E$5:$E$5004,$P$9,Data!$F$5:$F$5004,$P$10,Data!$G$5:$G$5004,$P$11)+ExOn*SUMIFS(مثال_Example!$S$5:$S$804,مثال_Example!$B$5:$B$804,$P$6,مثال_Example!$C$5:$C$804,$P$8,مثال_Example!$D$5:$D$804,$B112,مثال_Example!$E$5:$E$804,$P$9,مثال_Example!$F$5:$F$804,$P$10,مثال_Example!$G$5:$G$804,$P$11))) -> 0 | G112: =IF($B112="","",IF($C112=0,"—",F112/$C112)) -> — | H112: =IF($B112="","",IF($C112=0,"لا توجد بيانات",IF(ROUND(D112/C112,10)<=KeyA_VW,"Very Weak",IF(ROUND(D112/C112,10)<KeyA_Weak,"Weak",IF(ROUND(F112/C112,10)<KeyA_Acc,"Acceptable",IF(ROUND(F112/C112,10)<=KeyA_Good,"Good",IF(ROUND(F112/C112,10)<KeyA_Out,"Very Good","Outstanding"))))))) -> لا توجد بيانات | I112: =IF($B112="","",J112+K112+L112) -> 0 | J112: =IF($B112="","",(SUMIFS(Data!$T$5:$T$5004,Data!$B$5:$B$5004,$P$6,Data!$C$5:$C$5004,$P$8,Data!$D$5:$D$5004,$B112,Data!$E$5:$E$5004,$P$9,Data!$F$5:$F$5004,$P$10,Data!$G$5:$G$5004,$P$11)+ExOn*SUMIFS(مثال_Example!$T$5:$T$804,مثال_Example!$B$5:$B$804,$P$6,مثال_Example!$C$5:$C$804,$P$8,مثال_Example!$D$5:$D$804,$B112,مثال_Example!$E$5:$E$804,$P$9,مثال_Example!$F$5:$F$804,$P$10,مثال_Example!$G$5:$G$804,$P$11))) -> 0 | K112: =IF($B112="","",(SUMIFS(Data!$U$5:$U$5004,Data!$B$5:$B$5004,$P$6,Data!$C$5:$C$5004,$P$8,Data!$D$5:$D$5004,$B112,Data!$E$5:$E$5004,$P$9,Data!$F$5:$F$5004,$P$10,Data!$G$5:$G$5004,$P$11)+ExOn*SUMIFS(مثال_Example!$U$5:$U$804,مثال_Example!$B$5:$B$804,$P$6,مثال_Example!$C$5:$C$804,$P$8,مثال_Example!$D$5:$D$804,$B112,مثال_Example!$E$5:$E$804,$P$9,مثال_Example!$F$5:$F$804,$P$10,مثال_Example!$G$5:$G$804,$P$11))) -> 0 | L112: =IF($B112="","",(SUMIFS(Data!$V$5:$V$5004,Data!$B$5:$B$5004,$P$6,Data!$C$5:$C$5004,$P$8,Data!$D$5:$D$5004,$B112,Data!$E$5:$E$5004,$P$9,Data!$F$5:$F$5004,$P$10,Data!$G$5:$G$5004,$P$11)+ExOn*SUMIFS(مثال_Example!$V$5:$V$804,مثال_Example!$B$5:$B$804,$P$6,مثال_Example!$C$5:$C$804,$P$8,مثال_Example!$D$5:$D$804,$B112,مثال_Example!$E$5:$E$804,$P$9,مثال_Example!$F$5:$F$804,$P$10,مثال_Example!$G$5:$G$804,$P$11))) -> 0 | M112: =IF($B112="","",IF(I112=0,"—",(K112+L112)/I112)) -> —
B113: Year 12 | C113: =IF($B113="","",(SUMIFS(Data!$Q$5:$Q$5004,Data!$B$5:$B$5004,$P$6,Data!$C$5:$C$5004,$P$8,Data!$D$5:$D$5004,$B113,Data!$E$5:$E$5004,$P$9,Data!$F$5:$F$5004,$P$10,Data!$G$5:$G$5004,$P$11)+ExOn*SUMIFS(مثال_Example!$Q$5:$Q$804,مثال_Example!$B$5:$B$804,$P$6,مثال_Example!$C$5:$C$804,$P$8,مثال_Example!$D$5:$D$804,$B113,مثال_Example!$E$5:$E$804,$P$9,مثال_Example!$F$5:$F$804,$P$10,مثال_Example!$G$5:$G$804,$P$11))) -> 0 | D113: =IF($B113="","",(SUMIFS(Data!$R$5:$R$5004,Data!$B$5:$B$5004,$P$6,Data!$C$5:$C$5004,$P$8,Data!$D$5:$D$5004,$B113,Data!$E$5:$E$5004,$P$9,Data!$F$5:$F$5004,$P$10,Data!$G$5:$G$5004,$P$11)+ExOn*SUMIFS(مثال_Example!$R$5:$R$804,مثال_Example!$B$5:$B$804,$P$6,مثال_Example!$C$5:$C$804,$P$8,مثال_Example!$D$5:$D$804,$B113,مثال_Example!$E$5:$E$804,$P$9,مثال_Example!$F$5:$F$804,$P$10,مثال_Example!$G$5:$G$804,$P$11))) -> 0 | E113: =IF($B113="","",IF($C113=0,"—",D113/$C113)) -> — | F113: =IF($B113="","",(SUMIFS(Data!$S$5:$S$5004,Data!$B$5:$B$5004,$P$6,Data!$C$5:$C$5004,$P$8,Data!$D$5:$D$5004,$B113,Data!$E$5:$E$5004,$P$9,Data!$F$5:$F$5004,$P$10,Data!$G$5:$G$5004,$P$11)+ExOn*SUMIFS(مثال_Example!$S$5:$S$804,مثال_Example!$B$5:$B$804,$P$6,مثال_Example!$C$5:$C$804,$P$8,مثال_Example!$D$5:$D$804,$B113,مثال_Example!$E$5:$E$804,$P$9,مثال_Example!$F$5:$F$804,$P$10,مثال_Example!$G$5:$G$804,$P$11))) -> 0 | G113: =IF($B113="","",IF($C113=0,"—",F113/$C113)) -> — | H113: =IF($B113="","",IF($C113=0,"لا توجد بيانات",IF(ROUND(D113/C113,10)<=KeyA_VW,"Very Weak",IF(ROUND(D113/C113,10)<KeyA_Weak,"Weak",IF(ROUND(F113/C113,10)<KeyA_Acc,"Acceptable",IF(ROUND(F113/C113,10)<=KeyA_Good,"Good",IF(ROUND(F113/C113,10)<KeyA_Out,"Very Good","Outstanding"))))))) -> لا توجد بيانات | I113: =IF($B113="","",J113+K113+L113) -> 0 | J113: =IF($B113="","",(SUMIFS(Data!$T$5:$T$5004,Data!$B$5:$B$5004,$P$6,Data!$C$5:$C$5004,$P$8,Data!$D$5:$D$5004,$B113,Data!$E$5:$E$5004,$P$9,Data!$F$5:$F$5004,$P$10,Data!$G$5:$G$5004,$P$11)+ExOn*SUMIFS(مثال_Example!$T$5:$T$804,مثال_Example!$B$5:$B$804,$P$6,مثال_Example!$C$5:$C$804,$P$8,مثال_Example!$D$5:$D$804,$B113,مثال_Example!$E$5:$E$804,$P$9,مثال_Example!$F$5:$F$804,$P$10,مثال_Example!$G$5:$G$804,$P$11))) -> 0 | K113: =IF($B113="","",(SUMIFS(Data!$U$5:$U$5004,Data!$B$5:$B$5004,$P$6,Data!$C$5:$C$5004,$P$8,Data!$D$5:$D$5004,$B113,Data!$E$5:$E$5004,$P$9,Data!$F$5:$F$5004,$P$10,Data!$G$5:$G$5004,$P$11)+ExOn*SUMIFS(مثال_Example!$U$5:$U$804,مثال_Example!$B$5:$B$804,$P$6,مثال_Example!$C$5:$C$804,$P$8,مثال_Example!$D$5:$D$804,$B113,مثال_Example!$E$5:$E$804,$P$9,مثال_Example!$F$5:$F$804,$P$10,مثال_Example!$G$5:$G$804,$P$11))) -> 0 | L113: =IF($B113="","",(SUMIFS(Data!$V$5:$V$5004,Data!$B$5:$B$5004,$P$6,Data!$C$5:$C$5004,$P$8,Data!$D$5:$D$5004,$B113,Data!$E$5:$E$5004,$P$9,Data!$F$5:$F$5004,$P$10,Data!$G$5:$G$5004,$P$11)+ExOn*SUMIFS(مثال_Example!$V$5:$V$804,مثال_Example!$B$5:$B$804,$P$6,مثال_Example!$C$5:$C$804,$P$8,مثال_Example!$D$5:$D$804,$B113,مثال_Example!$E$5:$E$804,$P$9,مثال_Example!$F$5:$F$804,$P$10,مثال_Example!$G$5:$G$804,$P$11))) -> 0 | M113: =IF($B113="","",IF(I113=0,"—",(K113+L113)/I113)) -> —
B114: Year 13 | C114: =IF($B114="","",(SUMIFS(Data!$Q$5:$Q$5004,Data!$B$5:$B$5004,$P$6,Data!$C$5:$C$5004,$P$8,Data!$D$5:$D$5004,$B114,Data!$E$5:$E$5004,$P$9,Data!$F$5:$F$5004,$P$10,Data!$G$5:$G$5004,$P$11)+ExOn*SUMIFS(مثال_Example!$Q$5:$Q$804,مثال_Example!$B$5:$B$804,$P$6,مثال_Example!$C$5:$C$804,$P$8,مثال_Example!$D$5:$D$804,$B114,مثال_Example!$E$5:$E$804,$P$9,مثال_Example!$F$5:$F$804,$P$10,مثال_Example!$G$5:$G$804,$P$11))) -> 0 | D114: =IF($B114="","",(SUMIFS(Data!$R$5:$R$5004,Data!$B$5:$B$5004,$P$6,Data!$C$5:$C$5004,$P$8,Data!$D$5:$D$5004,$B114,Data!$E$5:$E$5004,$P$9,Data!$F$5:$F$5004,$P$10,Data!$G$5:$G$5004,$P$11)+ExOn*SUMIFS(مثال_Example!$R$5:$R$804,مثال_Example!$B$5:$B$804,$P$6,مثال_Example!$C$5:$C$804,$P$8,مثال_Example!$D$5:$D$804,$B114,مثال_Example!$E$5:$E$804,$P$9,مثال_Example!$F$5:$F$804,$P$10,مثال_Example!$G$5:$G$804,$P$11))) -> 0 | E114: =IF($B114="","",IF($C114=0,"—",D114/$C114)) -> — | F114: =IF($B114="","",(SUMIFS(Data!$S$5:$S$5004,Data!$B$5:$B$5004,$P$6,Data!$C$5:$C$5004,$P$8,Data!$D$5:$D$5004,$B114,Data!$E$5:$E$5004,$P$9,Data!$F$5:$F$5004,$P$10,Data!$G$5:$G$5004,$P$11)+ExOn*SUMIFS(مثال_Example!$S$5:$S$804,مثال_Example!$B$5:$B$804,$P$6,مثال_Example!$C$5:$C$804,$P$8,مثال_Example!$D$5:$D$804,$B114,مثال_Example!$E$5:$E$804,$P$9,مثال_Example!$F$5:$F$804,$P$10,مثال_Example!$G$5:$G$804,$P$11))) -> 0 | G114: =IF($B114="","",IF($C114=0,"—",F114/$C114)) -> — | H114: =IF($B114="","",IF($C114=0,"لا توجد بيانات",IF(ROUND(D114/C114,10)<=KeyA_VW,"Very Weak",IF(ROUND(D114/C114,10)<KeyA_Weak,"Weak",IF(ROUND(F114/C114,10)<KeyA_Acc,"Acceptable",IF(ROUND(F114/C114,10)<=KeyA_Good,"Good",IF(ROUND(F114/C114,10)<KeyA_Out,"Very Good","Outstanding"))))))) -> لا توجد بيانات | I114: =IF($B114="","",J114+K114+L114) -> 0 | J114: =IF($B114="","",(SUMIFS(Data!$T$5:$T$5004,Data!$B$5:$B$5004,$P$6,Data!$C$5:$C$5004,$P$8,Data!$D$5:$D$5004,$B114,Data!$E$5:$E$5004,$P$9,Data!$F$5:$F$5004,$P$10,Data!$G$5:$G$5004,$P$11)+ExOn*SUMIFS(مثال_Example!$T$5:$T$804,مثال_Example!$B$5:$B$804,$P$6,مثال_Example!$C$5:$C$804,$P$8,مثال_Example!$D$5:$D$804,$B114,مثال_Example!$E$5:$E$804,$P$9,مثال_Example!$F$5:$F$804,$P$10,مثال_Example!$G$5:$G$804,$P$11))) -> 0 | K114: =IF($B114="","",(SUMIFS(Data!$U$5:$U$5004,Data!$B$5:$B$5004,$P$6,Data!$C$5:$C$5004,$P$8,Data!$D$5:$D$5004,$B114,Data!$E$5:$E$5004,$P$9,Data!$F$5:$F$5004,$P$10,Data!$G$5:$G$5004,$P$11)+ExOn*SUMIFS(مثال_Example!$U$5:$U$804,مثال_Example!$B$5:$B$804,$P$6,مثال_Example!$C$5:$C$804,$P$8,مثال_Example!$D$5:$D$804,$B114,مثال_Example!$E$5:$E$804,$P$9,مثال_Example!$F$5:$F$804,$P$10,مثال_Example!$G$5:$G$804,$P$11))) -> 0 | L114: =IF($B114="","",(SUMIFS(Data!$V$5:$V$5004,Data!$B$5:$B$5004,$P$6,Data!$C$5:$C$5004,$P$8,Data!$D$5:$D$5004,$B114,Data!$E$5:$E$5004,$P$9,Data!$F$5:$F$5004,$P$10,Data!$G$5:$G$5004,$P$11)+ExOn*SUMIFS(مثال_Example!$V$5:$V$804,مثال_Example!$B$5:$B$804,$P$6,مثال_Example!$C$5:$C$804,$P$8,مثال_Example!$D$5:$D$804,$B114,مثال_Example!$E$5:$E$804,$P$9,مثال_Example!$F$5:$F$804,$P$10,مثال_Example!$G$5:$G$804,$P$11))) -> 0 | M114: =IF($B114="","",IF(I114=0,"—",(K114+L114)/I114)) -> —
B115: المجموع (من مجموع الأعداد) | C115: =SUM(C103:C114) -> 0 | D115: =SUM(D103:D114) -> 0 | E115: =IF(C115=0,"—",D115/C115) -> — | F115: =SUM(F103:F114) -> 0 | G115: =IF(C115=0,"—",F115/C115) -> — | H115: =IF(C115=0,"لا توجد بيانات",IF(ROUND(D115/C115,10)<=KeyA_VW,"Very Weak",IF(ROUND(D115/C115,10)<KeyA_Weak,"Weak",IF(ROUND(F115/C115,10)<KeyA_Acc,"Acceptable",IF(ROUND(F115/C115,10)<=KeyA_Good,"Good",IF(ROUND(F115/C115,10)<KeyA_Out,"Very Good","Outstanding")))))) -> لا توجد بيانات | I115: =SUM(I103:I114) -> 0 | J115: =SUM(J103:J114) -> 0 | K115: =SUM(K103:K114) -> 0 | L115: =SUM(L103:L114) -> 0 | M115: =IF(I115=0,"—",(K115+L115)/I115) -> —
B117: التقدم حسب الصف (Year) | Progress by الصف (Year)
B118: الصف (Year) | C118: حالات تقدم | D118: Less عدد | E118: Less % | F118: Expected عدد | G118: Expected % | H118: Better عدد | I118: Better % | J118: Exp&Better عدد | K118: Exp&Better % | L118: حكم التقدم | M118: مستبعد U + بدون Start
B119: =B103 -> Year 2 | C119: =IF($B119="","",I103) -> 0 | D119: =IF($B119="","",J103) -> 0 | E119: =IF($B119="","",IF($C119=0,"—",D119/$C119)) -> — | F119: =IF($B119="","",K103) -> 0 | G119: =IF($B119="","",IF($C119=0,"—",F119/$C119)) -> — | H119: =IF($B119="","",L103) -> 0 | I119: =IF($B119="","",IF($C119=0,"—",H119/$C119)) -> — | J119: =IF($B119="","",F119+H119) -> 0 | K119: =IF($B119="","",IF($C119=0,"—",J119/$C119)) -> — | L119: =IF($B119="","",IF($C119=0,"لا توجد بيانات",IF(ROUND(J119/C119,10)<=KeyP_VW,"Very Weak",IF(ROUND(J119/C119,10)<KeyP_Weak,"Weak",IF(ROUND(H119/C119,10)<KeyP_Acc,"Acceptable",IF(ROUND(H119/C119,10)<=KeyP_Good,"Good",IF(ROUND(H119/C119,10)<KeyP_Out,"Very Good","Outstanding"))))))) -> لا توجد بيانات | M119: =IF($B119="","",(SUMIFS(Data!$W$5:$W$5004,Data!$B$5:$B$5004,$P$6,Data!$C$5:$C$5004,$P$8,Data!$D$5:$D$5004,$B119,Data!$E$5:$E$5004,$P$9,Data!$F$5:$F$5004,$P$10,Data!$G$5:$G$5004,$P$11)+ExOn*SUMIFS(مثال_Example!$W$5:$W$804,مثال_Example!$B$5:$B$804,$P$6,مثال_Example!$C$5:$C$804,$P$8,مثال_Example!$D$5:$D$804,$B119,مثال_Example!$E$5:$E$804,$P$9,مثال_Example!$F$5:$F$804,$P$10,مثال_Example!$G$5:$G$804,$P$11))+(SUMIFS(Data!$X$5:$X$5004,Data!$B$5:$B$5004,$P$6,Data!$C$5:$C$5004,$P$8,Data!$D$5:$D$5004,$B119,Data!$E$5:$E$5004,$P$9,Data!$F$5:$F$5004,$P$10,Data!$G$5:$G$5004,$P$11)+ExOn*SUMIFS(مثال_Example!$X$5:$X$804,مثال_Example!$B$5:$B$804,$P$6,مثال_Example!$C$5:$C$804,$P$8,مثال_Example!$D$5:$D$804,$B119,مثال_Example!$E$5:$E$804,$P$9,مثال_Example!$F$5:$F$804,$P$10,مثال_Example!$G$5:$G$804,$P$11))) -> 0
B120: =B104 -> Year 3 | C120: =IF($B120="","",I104) -> 0 | D120: =IF($B120="","",J104) -> 0 | E120: =IF($B120="","",IF($C120=0,"—",D120/$C120)) -> — | F120: =IF($B120="","",K104) -> 0 | G120: =IF($B120="","",IF($C120=0,"—",F120/$C120)) -> — | H120: =IF($B120="","",L104) -> 0 | I120: =IF($B120="","",IF($C120=0,"—",H120/$C120)) -> — | J120: =IF($B120="","",F120+H120) -> 0 | K120: =IF($B120="","",IF($C120=0,"—",J120/$C120)) -> — | L120: =IF($B120="","",IF($C120=0,"لا توجد بيانات",IF(ROUND(J120/C120,10)<=KeyP_VW,"Very Weak",IF(ROUND(J120/C120,10)<KeyP_Weak,"Weak",IF(ROUND(H120/C120,10)<KeyP_Acc,"Acceptable",IF(ROUND(H120/C120,10)<=KeyP_Good,"Good",IF(ROUND(H120/C120,10)<KeyP_Out,"Very Good","Outstanding"))))))) -> لا توجد بيانات | M120: =IF($B120="","",(SUMIFS(Data!$W$5:$W$5004,Data!$B$5:$B$5004,$P$6,Data!$C$5:$C$5004,$P$8,Data!$D$5:$D$5004,$B120,Data!$E$5:$E$5004,$P$9,Data!$F$5:$F$5004,$P$10,Data!$G$5:$G$5004,$P$11)+ExOn*SUMIFS(مثال_Example!$W$5:$W$804,مثال_Example!$B$5:$B$804,$P$6,مثال_Example!$C$5:$C$804,$P$8,مثال_Example!$D$5:$D$804,$B120,مثال_Example!$E$5:$E$804,$P$9,مثال_Example!$F$5:$F$804,$P$10,مثال_Example!$G$5:$G$804,$P$11))+(SUMIFS(Data!$X$5:$X$5004,Data!$B$5:$B$5004,$P$6,Data!$C$5:$C$5004,$P$8,Data!$D$5:$D$5004,$B120,Data!$E$5:$E$5004,$P$9,Data!$F$5:$F$5004,$P$10,Data!$G$5:$G$5004,$P$11)+ExOn*SUMIFS(مثال_Example!$X$5:$X$804,مثال_Example!$B$5:$B$804,$P$6,مثال_Example!$C$5:$C$804,$P$8,مثال_Example!$D$5:$D$804,$B120,مثال_Example!$E$5:$E$804,$P$9,مثال_Example!$F$5:$F$804,$P$10,مثال_Example!$G$5:$G$804,$P$11))) -> 0
B121: =B105 -> Year 4 | C121: =IF($B121="","",I105) -> 0 | D121: =IF($B121="","",J105) -> 0 | E121: =IF($B121="","",IF($C121=0,"—",D121/$C121)) -> — | F121: =IF($B121="","",K105) -> 0 | G121: =IF($B121="","",IF($C121=0,"—",F121/$C121)) -> — | H121: =IF($B121="","",L105) -> 0 | I121: =IF($B121="","",IF($C121=0,"—",H121/$C121)) -> — | J121: =IF($B121="","",F121+H121) -> 0 | K121: =IF($B121="","",IF($C121=0,"—",J121/$C121)) -> — | L121: =IF($B121="","",IF($C121=0,"لا توجد بيانات",IF(ROUND(J121/C121,10)<=KeyP_VW,"Very Weak",IF(ROUND(J121/C121,10)<KeyP_Weak,"Weak",IF(ROUND(H121/C121,10)<KeyP_Acc,"Acceptable",IF(ROUND(H121/C121,10)<=KeyP_Good,"Good",IF(ROUND(H121/C121,10)<KeyP_Out,"Very Good","Outstanding"))))))) -> لا توجد بيانات | M121: =IF($B121="","",(SUMIFS(Data!$W$5:$W$5004,Data!$B$5:$B$5004,$P$6,Data!$C$5:$C$5004,$P$8,Data!$D$5:$D$5004,$B121,Data!$E$5:$E$5004,$P$9,Data!$F$5:$F$5004,$P$10,Data!$G$5:$G$5004,$P$11)+ExOn*SUMIFS(مثال_Example!$W$5:$W$804,مثال_Example!$B$5:$B$804,$P$6,مثال_Example!$C$5:$C$804,$P$8,مثال_Example!$D$5:$D$804,$B121,مثال_Example!$E$5:$E$804,$P$9,مثال_Example!$F$5:$F$804,$P$10,مثال_Example!$G$5:$G$804,$P$11))+(SUMIFS(Data!$X$5:$X$5004,Data!$B$5:$B$5004,$P$6,Data!$C$5:$C$5004,$P$8,Data!$D$5:$D$5004,$B121,Data!$E$5:$E$5004,$P$9,Data!$F$5:$F$5004,$P$10,Data!$G$5:$G$5004,$P$11)+ExOn*SUMIFS(مثال_Example!$X$5:$X$804,مثال_Example!$B$5:$B$804,$P$6,مثال_Example!$C$5:$C$804,$P$8,مثال_Example!$D$5:$D$804,$B121,مثال_Example!$E$5:$E$804,$P$9,مثال_Example!$F$5:$F$804,$P$10,مثال_Example!$G$5:$G$804,$P$11))) -> 0
B122: =B106 -> Year 5 | C122: =IF($B122="","",I106) -> 0 | D122: =IF($B122="","",J106) -> 0 | E122: =IF($B122="","",IF($C122=0,"—",D122/$C122)) -> — | F122: =IF($B122="","",K106) -> 0 | G122: =IF($B122="","",IF($C122=0,"—",F122/$C122)) -> — | H122: =IF($B122="","",L106) -> 0 | I122: =IF($B122="","",IF($C122=0,"—",H122/$C122)) -> — | J122: =IF($B122="","",F122+H122) -> 0 | K122: =IF($B122="","",IF($C122=0,"—",J122/$C122)) -> — | L122: =IF($B122="","",IF($C122=0,"لا توجد بيانات",IF(ROUND(J122/C122,10)<=KeyP_VW,"Very Weak",IF(ROUND(J122/C122,10)<KeyP_Weak,"Weak",IF(ROUND(H122/C122,10)<KeyP_Acc,"Acceptable",IF(ROUND(H122/C122,10)<=KeyP_Good,"Good",IF(ROUND(H122/C122,10)<KeyP_Out,"Very Good","Outstanding"))))))) -> لا توجد بيانات | M122: =IF($B122="","",(SUMIFS(Data!$W$5:$W$5004,Data!$B$5:$B$5004,$P$6,Data!$C$5:$C$5004,$P$8,Data!$D$5:$D$5004,$B122,Data!$E$5:$E$5004,$P$9,Data!$F$5:$F$5004,$P$10,Data!$G$5:$G$5004,$P$11)+ExOn*SUMIFS(مثال_Example!$W$5:$W$804,مثال_Example!$B$5:$B$804,$P$6,مثال_Example!$C$5:$C$804,$P$8,مثال_Example!$D$5:$D$804,$B122,مثال_Example!$E$5:$E$804,$P$9,مثال_Example!$F$5:$F$804,$P$10,مثال_Example!$G$5:$G$804,$P$11))+(SUMIFS(Data!$X$5:$X$5004,Data!$B$5:$B$5004,$P$6,Data!$C$5:$C$5004,$P$8,Data!$D$5:$D$5004,$B122,Data!$E$5:$E$5004,$P$9,Data!$F$5:$F$5004,$P$10,Data!$G$5:$G$5004,$P$11)+ExOn*SUMIFS(مثال_Example!$X$5:$X$804,مثال_Example!$B$5:$B$804,$P$6,مثال_Example!$C$5:$C$804,$P$8,مثال_Example!$D$5:$D$804,$B122,مثال_Example!$E$5:$E$804,$P$9,مثال_Example!$F$5:$F$804,$P$10,مثال_Example!$G$5:$G$804,$P$11))) -> 0
B123: =B107 -> Year 6 | C123: =IF($B123="","",I107) -> 0 | D123: =IF($B123="","",J107) -> 0 | E123: =IF($B123="","",IF($C123=0,"—",D123/$C123)) -> — | F123: =IF($B123="","",K107) -> 0 | G123: =IF($B123="","",IF($C123=0,"—",F123/$C123)) -> — | H123: =IF($B123="","",L107) -> 0 | I123: =IF($B123="","",IF($C123=0,"—",H123/$C123)) -> — | J123: =IF($B123="","",F123+H123) -> 0 | K123: =IF($B123="","",IF($C123=0,"—",J123/$C123)) -> — | L123: =IF($B123="","",IF($C123=0,"لا توجد بيانات",IF(ROUND(J123/C123,10)<=KeyP_VW,"Very Weak",IF(ROUND(J123/C123,10)<KeyP_Weak,"Weak",IF(ROUND(H123/C123,10)<KeyP_Acc,"Acceptable",IF(ROUND(H123/C123,10)<=KeyP_Good,"Good",IF(ROUND(H123/C123,10)<KeyP_Out,"Very Good","Outstanding"))))))) -> لا توجد بيانات | M123: =IF($B123="","",(SUMIFS(Data!$W$5:$W$5004,Data!$B$5:$B$5004,$P$6,Data!$C$5:$C$5004,$P$8,Data!$D$5:$D$5004,$B123,Data!$E$5:$E$5004,$P$9,Data!$F$5:$F$5004,$P$10,Data!$G$5:$G$5004,$P$11)+ExOn*SUMIFS(مثال_Example!$W$5:$W$804,مثال_Example!$B$5:$B$804,$P$6,مثال_Example!$C$5:$C$804,$P$8,مثال_Example!$D$5:$D$804,$B123,مثال_Example!$E$5:$E$804,$P$9,مثال_Example!$F$5:$F$804,$P$10,مثال_Example!$G$5:$G$804,$P$11))+(SUMIFS(Data!$X$5:$X$5004,Data!$B$5:$B$5004,$P$6,Data!$C$5:$C$5004,$P$8,Data!$D$5:$D$5004,$B123,Data!$E$5:$E$5004,$P$9,Data!$F$5:$F$5004,$P$10,Data!$G$5:$G$5004,$P$11)+ExOn*SUMIFS(مثال_Example!$X$5:$X$804,مثال_Example!$B$5:$B$804,$P$6,مثال_Example!$C$5:$C$804,$P$8,مثال_Example!$D$5:$D$804,$B123,مثال_Example!$E$5:$E$804,$P$9,مثال_Example!$F$5:$F$804,$P$10,مثال_Example!$G$5:$G$804,$P$11))) -> 0
B124: =B108 -> Year 7 | C124: =IF($B124="","",I108) -> 0 | D124: =IF($B124="","",J108) -> 0 | E124: =IF($B124="","",IF($C124=0,"—",D124/$C124)) -> — | F124: =IF($B124="","",K108) -> 0 | G124: =IF($B124="","",IF($C124=0,"—",F124/$C124)) -> — | H124: =IF($B124="","",L108) -> 0 | I124: =IF($B124="","",IF($C124=0,"—",H124/$C124)) -> — | J124: =IF($B124="","",F124+H124) -> 0 | K124: =IF($B124="","",IF($C124=0,"—",J124/$C124)) -> — | L124: =IF($B124="","",IF($C124=0,"لا توجد بيانات",IF(ROUND(J124/C124,10)<=KeyP_VW,"Very Weak",IF(ROUND(J124/C124,10)<KeyP_Weak,"Weak",IF(ROUND(H124/C124,10)<KeyP_Acc,"Acceptable",IF(ROUND(H124/C124,10)<=KeyP_Good,"Good",IF(ROUND(H124/C124,10)<KeyP_Out,"Very Good","Outstanding"))))))) -> لا توجد بيانات | M124: =IF($B124="","",(SUMIFS(Data!$W$5:$W$5004,Data!$B$5:$B$5004,$P$6,Data!$C$5:$C$5004,$P$8,Data!$D$5:$D$5004,$B124,Data!$E$5:$E$5004,$P$9,Data!$F$5:$F$5004,$P$10,Data!$G$5:$G$5004,$P$11)+ExOn*SUMIFS(مثال_Example!$W$5:$W$804,مثال_Example!$B$5:$B$804,$P$6,مثال_Example!$C$5:$C$804,$P$8,مثال_Example!$D$5:$D$804,$B124,مثال_Example!$E$5:$E$804,$P$9,مثال_Example!$F$5:$F$804,$P$10,مثال_Example!$G$5:$G$804,$P$11))+(SUMIFS(Data!$X$5:$X$5004,Data!$B$5:$B$5004,$P$6,Data!$C$5:$C$5004,$P$8,Data!$D$5:$D$5004,$B124,Data!$E$5:$E$5004,$P$9,Data!$F$5:$F$5004,$P$10,Data!$G$5:$G$5004,$P$11)+ExOn*SUMIFS(مثال_Example!$X$5:$X$804,مثال_Example!$B$5:$B$804,$P$6,مثال_Example!$C$5:$C$804,$P$8,مثال_Example!$D$5:$D$804,$B124,مثال_Example!$E$5:$E$804,$P$9,مثال_Example!$F$5:$F$804,$P$10,مثال_Example!$G$5:$G$804,$P$11))) -> 0
B125: =B109 -> Year 8 | C125: =IF($B125="","",I109) -> 0 | D125: =IF($B125="","",J109) -> 0 | E125: =IF($B125="","",IF($C125=0,"—",D125/$C125)) -> — | F125: =IF($B125="","",K109) -> 0 | G125: =IF($B125="","",IF($C125=0,"—",F125/$C125)) -> — | H125: =IF($B125="","",L109) -> 0 | I125: =IF($B125="","",IF($C125=0,"—",H125/$C125)) -> — | J125: =IF($B125="","",F125+H125) -> 0 | K125: =IF($B125="","",IF($C125=0,"—",J125/$C125)) -> — | L125: =IF($B125="","",IF($C125=0,"لا توجد بيانات",IF(ROUND(J125/C125,10)<=KeyP_VW,"Very Weak",IF(ROUND(J125/C125,10)<KeyP_Weak,"Weak",IF(ROUND(H125/C125,10)<KeyP_Acc,"Acceptable",IF(ROUND(H125/C125,10)<=KeyP_Good,"Good",IF(ROUND(H125/C125,10)<KeyP_Out,"Very Good","Outstanding"))))))) -> لا توجد بيانات | M125: =IF($B125="","",(SUMIFS(Data!$W$5:$W$5004,Data!$B$5:$B$5004,$P$6,Data!$C$5:$C$5004,$P$8,Data!$D$5:$D$5004,$B125,Data!$E$5:$E$5004,$P$9,Data!$F$5:$F$5004,$P$10,Data!$G$5:$G$5004,$P$11)+ExOn*SUMIFS(مثال_Example!$W$5:$W$804,مثال_Example!$B$5:$B$804,$P$6,مثال_Example!$C$5:$C$804,$P$8,مثال_Example!$D$5:$D$804,$B125,مثال_Example!$E$5:$E$804,$P$9,مثال_Example!$F$5:$F$804,$P$10,مثال_Example!$G$5:$G$804,$P$11))+(SUMIFS(Data!$X$5:$X$5004,Data!$B$5:$B$5004,$P$6,Data!$C$5:$C$5004,$P$8,Data!$D$5:$D$5004,$B125,Data!$E$5:$E$5004,$P$9,Data!$F$5:$F$5004,$P$10,Data!$G$5:$G$5004,$P$11)+ExOn*SUMIFS(مثال_Example!$X$5:$X$804,مثال_Example!$B$5:$B$804,$P$6,مثال_Example!$C$5:$C$804,$P$8,مثال_Example!$D$5:$D$804,$B125,مثال_Example!$E$5:$E$804,$P$9,مثال_Example!$F$5:$F$804,$P$10,مثال_Example!$G$5:$G$804,$P$11))) -> 0
B126: =B110 -> Year 9 | C126: =IF($B126="","",I110) -> 0 | D126: =IF($B126="","",J110) -> 0 | E126: =IF($B126="","",IF($C126=0,"—",D126/$C126)) -> — | F126: =IF($B126="","",K110) -> 0 | G126: =IF($B126="","",IF($C126=0,"—",F126/$C126)) -> — | H126: =IF($B126="","",L110) -> 0 | I126: =IF($B126="","",IF($C126=0,"—",H126/$C126)) -> — | J126: =IF($B126="","",F126+H126) -> 0 | K126: =IF($B126="","",IF($C126=0,"—",J126/$C126)) -> — | L126: =IF($B126="","",IF($C126=0,"لا توجد بيانات",IF(ROUND(J126/C126,10)<=KeyP_VW,"Very Weak",IF(ROUND(J126/C126,10)<KeyP_Weak,"Weak",IF(ROUND(H126/C126,10)<KeyP_Acc,"Acceptable",IF(ROUND(H126/C126,10)<=KeyP_Good,"Good",IF(ROUND(H126/C126,10)<KeyP_Out,"Very Good","Outstanding"))))))) -> لا توجد بيانات | M126: =IF($B126="","",(SUMIFS(Data!$W$5:$W$5004,Data!$B$5:$B$5004,$P$6,Data!$C$5:$C$5004,$P$8,Data!$D$5:$D$5004,$B126,Data!$E$5:$E$5004,$P$9,Data!$F$5:$F$5004,$P$10,Data!$G$5:$G$5004,$P$11)+ExOn*SUMIFS(مثال_Example!$W$5:$W$804,مثال_Example!$B$5:$B$804,$P$6,مثال_Example!$C$5:$C$804,$P$8,مثال_Example!$D$5:$D$804,$B126,مثال_Example!$E$5:$E$804,$P$9,مثال_Example!$F$5:$F$804,$P$10,مثال_Example!$G$5:$G$804,$P$11))+(SUMIFS(Data!$X$5:$X$5004,Data!$B$5:$B$5004,$P$6,Data!$C$5:$C$5004,$P$8,Data!$D$5:$D$5004,$B126,Data!$E$5:$E$5004,$P$9,Data!$F$5:$F$5004,$P$10,Data!$G$5:$G$5004,$P$11)+ExOn*SUMIFS(مثال_Example!$X$5:$X$804,مثال_Example!$B$5:$B$804,$P$6,مثال_Example!$C$5:$C$804,$P$8,مثال_Example!$D$5:$D$804,$B126,مثال_Example!$E$5:$E$804,$P$9,مثال_Example!$F$5:$F$804,$P$10,مثال_Example!$G$5:$G$804,$P$11))) -> 0
B127: =B111 -> Year 10 | C127: =IF($B127="","",I111) -> 0 | D127: =IF($B127="","",J111) -> 0 | E127: =IF($B127="","",IF($C127=0,"—",D127/$C127)) -> — | F127: =IF($B127="","",K111) -> 0 | G127: =IF($B127="","",IF($C127=0,"—",F127/$C127)) -> — | H127: =IF($B127="","",L111) -> 0 | I127: =IF($B127="","",IF($C127=0,"—",H127/$C127)) -> — | J127: =IF($B127="","",F127+H127) -> 0 | K127: =IF($B127="","",IF($C127=0,"—",J127/$C127)) -> — | L127: =IF($B127="","",IF($C127=0,"لا توجد بيانات",IF(ROUND(J127/C127,10)<=KeyP_VW,"Very Weak",IF(ROUND(J127/C127,10)<KeyP_Weak,"Weak",IF(ROUND(H127/C127,10)<KeyP_Acc,"Acceptable",IF(ROUND(H127/C127,10)<=KeyP_Good,"Good",IF(ROUND(H127/C127,10)<KeyP_Out,"Very Good","Outstanding"))))))) -> لا توجد بيانات | M127: =IF($B127="","",(SUMIFS(Data!$W$5:$W$5004,Data!$B$5:$B$5004,$P$6,Data!$C$5:$C$5004,$P$8,Data!$D$5:$D$5004,$B127,Data!$E$5:$E$5004,$P$9,Data!$F$5:$F$5004,$P$10,Data!$G$5:$G$5004,$P$11)+ExOn*SUMIFS(مثال_Example!$W$5:$W$804,مثال_Example!$B$5:$B$804,$P$6,مثال_Example!$C$5:$C$804,$P$8,مثال_Example!$D$5:$D$804,$B127,مثال_Example!$E$5:$E$804,$P$9,مثال_Example!$F$5:$F$804,$P$10,مثال_Example!$G$5:$G$804,$P$11))+(SUMIFS(Data!$X$5:$X$5004,Data!$B$5:$B$5004,$P$6,Data!$C$5:$C$5004,$P$8,Data!$D$5:$D$5004,$B127,Data!$E$5:$E$5004,$P$9,Data!$F$5:$F$5004,$P$10,Data!$G$5:$G$5004,$P$11)+ExOn*SUMIFS(مثال_Example!$X$5:$X$804,مثال_Example!$B$5:$B$804,$P$6,مثال_Example!$C$5:$C$804,$P$8,مثال_Example!$D$5:$D$804,$B127,مثال_Example!$E$5:$E$804,$P$9,مثال_Example!$F$5:$F$804,$P$10,مثال_Example!$G$5:$G$804,$P$11))) -> 0
B128: =B112 -> Year 11 | C128: =IF($B128="","",I112) -> 0 | D128: =IF($B128="","",J112) -> 0 | E128: =IF($B128="","",IF($C128=0,"—",D128/$C128)) -> — | F128: =IF($B128="","",K112) -> 0 | G128: =IF($B128="","",IF($C128=0,"—",F128/$C128)) -> — | H128: =IF($B128="","",L112) -> 0 | I128: =IF($B128="","",IF($C128=0,"—",H128/$C128)) -> — | J128: =IF($B128="","",F128+H128) -> 0 | K128: =IF($B128="","",IF($C128=0,"—",J128/$C128)) -> — | L128: =IF($B128="","",IF($C128=0,"لا توجد بيانات",IF(ROUND(J128/C128,10)<=KeyP_VW,"Very Weak",IF(ROUND(J128/C128,10)<KeyP_Weak,"Weak",IF(ROUND(H128/C128,10)<KeyP_Acc,"Acceptable",IF(ROUND(H128/C128,10)<=KeyP_Good,"Good",IF(ROUND(H128/C128,10)<KeyP_Out,"Very Good","Outstanding"))))))) -> لا توجد بيانات | M128: =IF($B128="","",(SUMIFS(Data!$W$5:$W$5004,Data!$B$5:$B$5004,$P$6,Data!$C$5:$C$5004,$P$8,Data!$D$5:$D$5004,$B128,Data!$E$5:$E$5004,$P$9,Data!$F$5:$F$5004,$P$10,Data!$G$5:$G$5004,$P$11)+ExOn*SUMIFS(مثال_Example!$W$5:$W$804,مثال_Example!$B$5:$B$804,$P$6,مثال_Example!$C$5:$C$804,$P$8,مثال_Example!$D$5:$D$804,$B128,مثال_Example!$E$5:$E$804,$P$9,مثال_Example!$F$5:$F$804,$P$10,مثال_Example!$G$5:$G$804,$P$11))+(SUMIFS(Data!$X$5:$X$5004,Data!$B$5:$B$5004,$P$6,Data!$C$5:$C$5004,$P$8,Data!$D$5:$D$5004,$B128,Data!$E$5:$E$5004,$P$9,Data!$F$5:$F$5004,$P$10,Data!$G$5:$G$5004,$P$11)+ExOn*SUMIFS(مثال_Example!$X$5:$X$804,مثال_Example!$B$5:$B$804,$P$6,مثال_Example!$C$5:$C$804,$P$8,مثال_Example!$D$5:$D$804,$B128,مثال_Example!$E$5:$E$804,$P$9,مثال_Example!$F$5:$F$804,$P$10,مثال_Example!$G$5:$G$804,$P$11))) -> 0
B129: =B113 -> Year 12 | C129: =IF($B129="","",I113) -> 0 | D129: =IF($B129="","",J113) -> 0 | E129: =IF($B129="","",IF($C129=0,"—",D129/$C129)) -> — | F129: =IF($B129="","",K113) -> 0 | G129: =IF($B129="","",IF($C129=0,"—",F129/$C129)) -> — | H129: =IF($B129="","",L113) -> 0 | I129: =IF($B129="","",IF($C129=0,"—",H129/$C129)) -> — | J129: =IF($B129="","",F129+H129) -> 0 | K129: =IF($B129="","",IF($C129=0,"—",J129/$C129)) -> — | L129: =IF($B129="","",IF($C129=0,"لا توجد بيانات",IF(ROUND(J129/C129,10)<=KeyP_VW,"Very Weak",IF(ROUND(J129/C129,10)<KeyP_Weak,"Weak",IF(ROUND(H129/C129,10)<KeyP_Acc,"Acceptable",IF(ROUND(H129/C129,10)<=KeyP_Good,"Good",IF(ROUND(H129/C129,10)<KeyP_Out,"Very Good","Outstanding"))))))) -> لا توجد بيانات | M129: =IF($B129="","",(SUMIFS(Data!$W$5:$W$5004,Data!$B$5:$B$5004,$P$6,Data!$C$5:$C$5004,$P$8,Data!$D$5:$D$5004,$B129,Data!$E$5:$E$5004,$P$9,Data!$F$5:$F$5004,$P$10,Data!$G$5:$G$5004,$P$11)+ExOn*SUMIFS(مثال_Example!$W$5:$W$804,مثال_Example!$B$5:$B$804,$P$6,مثال_Example!$C$5:$C$804,$P$8,مثال_Example!$D$5:$D$804,$B129,مثال_Example!$E$5:$E$804,$P$9,مثال_Example!$F$5:$F$804,$P$10,مثال_Example!$G$5:$G$804,$P$11))+(SUMIFS(Data!$X$5:$X$5004,Data!$B$5:$B$5004,$P$6,Data!$C$5:$C$5004,$P$8,Data!$D$5:$D$5004,$B129,Data!$E$5:$E$5004,$P$9,Data!$F$5:$F$5004,$P$10,Data!$G$5:$G$5004,$P$11)+ExOn*SUMIFS(مثال_Example!$X$5:$X$804,مثال_Example!$B$5:$B$804,$P$6,مثال_Example!$C$5:$C$804,$P$8,مثال_Example!$D$5:$D$804,$B129,مثال_Example!$E$5:$E$804,$P$9,مثال_Example!$F$5:$F$804,$P$10,مثال_Example!$G$5:$G$804,$P$11))) -> 0
B130: =B114 -> Year 13 | C130: =IF($B130="","",I114) -> 0 | D130: =IF($B130="","",J114) -> 0 | E130: =IF($B130="","",IF($C130=0,"—",D130/$C130)) -> — | F130: =IF($B130="","",K114) -> 0 | G130: =IF($B130="","",IF($C130=0,"—",F130/$C130)) -> — | H130: =IF($B130="","",L114) -> 0 | I130: =IF($B130="","",IF($C130=0,"—",H130/$C130)) -> — | J130: =IF($B130="","",F130+H130) -> 0 | K130: =IF($B130="","",IF($C130=0,"—",J130/$C130)) -> — | L130: =IF($B130="","",IF($C130=0,"لا توجد بيانات",IF(ROUND(J130/C130,10)<=KeyP_VW,"Very Weak",IF(ROUND(J130/C130,10)<KeyP_Weak,"Weak",IF(ROUND(H130/C130,10)<KeyP_Acc,"Acceptable",IF(ROUND(H130/C130,10)<=KeyP_Good,"Good",IF(ROUND(H130/C130,10)<KeyP_Out,"Very Good","Outstanding"))))))) -> لا توجد بيانات | M130: =IF($B130="","",(SUMIFS(Data!$W$5:$W$5004,Data!$B$5:$B$5004,$P$6,Data!$C$5:$C$5004,$P$8,Data!$D$5:$D$5004,$B130,Data!$E$5:$E$5004,$P$9,Data!$F$5:$F$5004,$P$10,Data!$G$5:$G$5004,$P$11)+ExOn*SUMIFS(مثال_Example!$W$5:$W$804,مثال_Example!$B$5:$B$804,$P$6,مثال_Example!$C$5:$C$804,$P$8,مثال_Example!$D$5:$D$804,$B130,مثال_Example!$E$5:$E$804,$P$9,مثال_Example!$F$5:$F$804,$P$10,مثال_Example!$G$5:$G$804,$P$11))+(SUMIFS(Data!$X$5:$X$5004,Data!$B$5:$B$5004,$P$6,Data!$C$5:$C$5004,$P$8,Data!$D$5:$D$5004,$B130,Data!$E$5:$E$5004,$P$9,Data!$F$5:$F$5004,$P$10,Data!$G$5:$G$5004,$P$11)+ExOn*SUMIFS(مثال_Example!$X$5:$X$804,مثال_Example!$B$5:$B$804,$P$6,مثال_Example!$C$5:$C$804,$P$8,مثال_Example!$D$5:$D$804,$B130,مثال_Example!$E$5:$E$804,$P$9,مثال_Example!$F$5:$F$804,$P$10,مثال_Example!$G$5:$G$804,$P$11))) -> 0
B131: المجموع | C131: =SUM(C119:C130) -> 0 | D131: =SUM(D119:D130) -> 0 | E131: =IF(C131=0,"—",D131/C131) -> — | F131: =SUM(F119:F130) -> 0 | G131: =IF(C131=0,"—",F131/C131) -> — | H131: =SUM(H119:H130) -> 0 | I131: =IF(C131=0,"—",H131/C131) -> — | J131: =SUM(J119:J130) -> 0 | K131: =IF(C131=0,"—",J131/C131) -> — | L131: =IF(C131=0,"لا توجد بيانات",IF(ROUND(J131/C131,10)<=KeyP_VW,"Very Weak",IF(ROUND(J131/C131,10)<KeyP_Weak,"Weak",IF(ROUND(H131/C131,10)<KeyP_Acc,"Acceptable",IF(ROUND(H131/C131,10)<=KeyP_Good,"Good",IF(ROUND(H131/C131,10)<KeyP_Out,"Very Good","Outstanding")))))) -> لا توجد بيانات | M131: =SUM(M119:M130) -> 0
B133: توزيع العلامات الحالية | Grade distribution (للفلاتر الحالية)
B134: العلامة Grade | C134: عدد الطلاب | D134: % من أصحاب النتائج | E134: ضمن At & Above؟ | F134: تسمية الرسم
B135: U | C135: =(SUMIFS(Data!$Q$5:$Q$5004,Data!$B$5:$B$5004,$P$6,Data!$C$5:$C$5004,$P$8,Data!$D$5:$D$5004,$P$7,Data!$E$5:$E$5004,$P$9,Data!$F$5:$F$5004,$P$10,Data!$G$5:$G$5004,$P$11,Data!$I$5:$I$5004,$B135)+ExOn*SUMIFS(مثال_Example!$Q$5:$Q$804,مثال_Example!$B$5:$B$804,$P$6,مثال_Example!$C$5:$C$804,$P$8,مثال_Example!$D$5:$D$804,$P$7,مثال_Example!$E$5:$E$804,$P$9,مثال_Example!$F$5:$F$804,$P$10,مثال_Example!$G$5:$G$804,$P$11,مثال_Example!$I$5:$I$804,$B135)) -> 0 | D135: =IF($Q$13=0,"—",C135/$Q$13) -> — | E135: =IF(MATCH(B135,GradeList,0)>=AboveRank,"Above",IF(MATCH(B135,GradeList,0)>=AtRank,"At","—")) -> — | F135: =B135&_xlfn.UNICHAR(8206) -> U‎
B136: B | C136: =(SUMIFS(Data!$Q$5:$Q$5004,Data!$B$5:$B$5004,$P$6,Data!$C$5:$C$5004,$P$8,Data!$D$5:$D$5004,$P$7,Data!$E$5:$E$5004,$P$9,Data!$F$5:$F$5004,$P$10,Data!$G$5:$G$5004,$P$11,Data!$I$5:$I$5004,$B136)+ExOn*SUMIFS(مثال_Example!$Q$5:$Q$804,مثال_Example!$B$5:$B$804,$P$6,مثال_Example!$C$5:$C$804,$P$8,مثال_Example!$D$5:$D$804,$P$7,مثال_Example!$E$5:$E$804,$P$9,مثال_Example!$F$5:$F$804,$P$10,مثال_Example!$G$5:$G$804,$P$11,مثال_Example!$I$5:$I$804,$B136)) -> 0 | D136: =IF($Q$13=0,"—",C136/$Q$13) -> — | E136: =IF(MATCH(B136,GradeList,0)>=AboveRank,"Above",IF(MATCH(B136,GradeList,0)>=AtRank,"At","—")) -> — | F136: =B136&_xlfn.UNICHAR(8206) -> B‎
B137: B+ | C137: =(SUMIFS(Data!$Q$5:$Q$5004,Data!$B$5:$B$5004,$P$6,Data!$C$5:$C$5004,$P$8,Data!$D$5:$D$5004,$P$7,Data!$E$5:$E$5004,$P$9,Data!$F$5:$F$5004,$P$10,Data!$G$5:$G$5004,$P$11,Data!$I$5:$I$5004,$B137)+ExOn*SUMIFS(مثال_Example!$Q$5:$Q$804,مثال_Example!$B$5:$B$804,$P$6,مثال_Example!$C$5:$C$804,$P$8,مثال_Example!$D$5:$D$804,$P$7,مثال_Example!$E$5:$E$804,$P$9,مثال_Example!$F$5:$F$804,$P$10,مثال_Example!$G$5:$G$804,$P$11,مثال_Example!$I$5:$I$804,$B137)) -> 0 | D137: =IF($Q$13=0,"—",C137/$Q$13) -> — | E137: =IF(MATCH(B137,GradeList,0)>=AboveRank,"Above",IF(MATCH(B137,GradeList,0)>=AtRank,"At","—")) -> — | F137: =B137&_xlfn.UNICHAR(8206) -> B+‎
B138: T | C138: =(SUMIFS(Data!$Q$5:$Q$5004,Data!$B$5:$B$5004,$P$6,Data!$C$5:$C$5004,$P$8,Data!$D$5:$D$5004,$P$7,Data!$E$5:$E$5004,$P$9,Data!$F$5:$F$5004,$P$10,Data!$G$5:$G$5004,$P$11,Data!$I$5:$I$5004,$B138)+ExOn*SUMIFS(مثال_Example!$Q$5:$Q$804,مثال_Example!$B$5:$B$804,$P$6,مثال_Example!$C$5:$C$804,$P$8,مثال_Example!$D$5:$D$804,$P$7,مثال_Example!$E$5:$E$804,$P$9,مثال_Example!$F$5:$F$804,$P$10,مثال_Example!$G$5:$G$804,$P$11,مثال_Example!$I$5:$I$804,$B138)) -> 0 | D138: =IF($Q$13=0,"—",C138/$Q$13) -> — | E138: =IF(MATCH(B138,GradeList,0)>=AboveRank,"Above",IF(MATCH(B138,GradeList,0)>=AtRank,"At","—")) -> — | F138: =B138&_xlfn.UNICHAR(8206) -> T‎
B139: AT | C139: =(SUMIFS(Data!$Q$5:$Q$5004,Data!$B$5:$B$5004,$P$6,Data!$C$5:$C$5004,$P$8,Data!$D$5:$D$5004,$P$7,Data!$E$5:$E$5004,$P$9,Data!$F$5:$F$5004,$P$10,Data!$G$5:$G$5004,$P$11,Data!$I$5:$I$5004,$B139)+ExOn*SUMIFS(مثال_Example!$Q$5:$Q$804,مثال_Example!$B$5:$B$804,$P$6,مثال_Example!$C$5:$C$804,$P$8,مثال_Example!$D$5:$D$804,$P$7,مثال_Example!$E$5:$E$804,$P$9,مثال_Example!$F$5:$F$804,$P$10,مثال_Example!$G$5:$G$804,$P$11,مثال_Example!$I$5:$I$804,$B139)) -> 0 | D139: =IF($Q$13=0,"—",C139/$Q$13) -> — | E139: =IF(MATCH(B139,GradeList,0)>=AboveRank,"Above",IF(MATCH(B139,GradeList,0)>=AtRank,"At","—")) -> At | F139: =B139&_xlfn.UNICHAR(8206) -> AT‎
B140: AT+ | C140: =(SUMIFS(Data!$Q$5:$Q$5004,Data!$B$5:$B$5004,$P$6,Data!$C$5:$C$5004,$P$8,Data!$D$5:$D$5004,$P$7,Data!$E$5:$E$5004,$P$9,Data!$F$5:$F$5004,$P$10,Data!$G$5:$G$5004,$P$11,Data!$I$5:$I$5004,$B140)+ExOn*SUMIFS(مثال_Example!$Q$5:$Q$804,مثال_Example!$B$5:$B$804,$P$6,مثال_Example!$C$5:$C$804,$P$8,مثال_Example!$D$5:$D$804,$P$7,مثال_Example!$E$5:$E$804,$P$9,مثال_Example!$F$5:$F$804,$P$10,مثال_Example!$G$5:$G$804,$P$11,مثال_Example!$I$5:$I$804,$B140)) -> 0 | D140: =IF($Q$13=0,"—",C140/$Q$13) -> — | E140: =IF(MATCH(B140,GradeList,0)>=AboveRank,"Above",IF(MATCH(B140,GradeList,0)>=AtRank,"At","—")) -> At | F140: =B140&_xlfn.UNICHAR(8206) -> AT+‎
B141: AB | C141: =(SUMIFS(Data!$Q$5:$Q$5004,Data!$B$5:$B$5004,$P$6,Data!$C$5:$C$5004,$P$8,Data!$D$5:$D$5004,$P$7,Data!$E$5:$E$5004,$P$9,Data!$F$5:$F$5004,$P$10,Data!$G$5:$G$5004,$P$11,Data!$I$5:$I$5004,$B141)+ExOn*SUMIFS(مثال_Example!$Q$5:$Q$804,مثال_Example!$B$5:$B$804,$P$6,مثال_Example!$C$5:$C$804,$P$8,مثال_Example!$D$5:$D$804,$P$7,مثال_Example!$E$5:$E$804,$P$9,مثال_Example!$F$5:$F$804,$P$10,مثال_Example!$G$5:$G$804,$P$11,مثال_Example!$I$5:$I$804,$B141)) -> 0 | D141: =IF($Q$13=0,"—",C141/$Q$13) -> — | E141: =IF(MATCH(B141,GradeList,0)>=AboveRank,"Above",IF(MATCH(B141,GradeList,0)>=AtRank,"At","—")) -> Above | F141: =B141&_xlfn.UNICHAR(8206) -> AB‎
B142: AB+ | C142: =(SUMIFS(Data!$Q$5:$Q$5004,Data!$B$5:$B$5004,$P$6,Data!$C$5:$C$5004,$P$8,Data!$D$5:$D$5004,$P$7,Data!$E$5:$E$5004,$P$9,Data!$F$5:$F$5004,$P$10,Data!$G$5:$G$5004,$P$11,Data!$I$5:$I$5004,$B142)+ExOn*SUMIFS(مثال_Example!$Q$5:$Q$804,مثال_Example!$B$5:$B$804,$P$6,مثال_Example!$C$5:$C$804,$P$8,مثال_Example!$D$5:$D$804,$P$7,مثال_Example!$E$5:$E$804,$P$9,مثال_Example!$F$5:$F$804,$P$10,مثال_Example!$G$5:$G$804,$P$11,مثال_Example!$I$5:$I$804,$B142)) -> 0 | D142: =IF($Q$13=0,"—",C142/$Q$13) -> — | E142: =IF(MATCH(B142,GradeList,0)>=AboveRank,"Above",IF(MATCH(B142,GradeList,0)>=AtRank,"At","—")) -> Above | F142: =B142&_xlfn.UNICHAR(8206) -> AB+‎
B143: GD | C143: =(SUMIFS(Data!$Q$5:$Q$5004,Data!$B$5:$B$5004,$P$6,Data!$C$5:$C$5004,$P$8,Data!$D$5:$D$5004,$P$7,Data!$E$5:$E$5004,$P$9,Data!$F$5:$F$5004,$P$10,Data!$G$5:$G$5004,$P$11,Data!$I$5:$I$5004,$B143)+ExOn*SUMIFS(مثال_Example!$Q$5:$Q$804,مثال_Example!$B$5:$B$804,$P$6,مثال_Example!$C$5:$C$804,$P$8,مثال_Example!$D$5:$D$804,$P$7,مثال_Example!$E$5:$E$804,$P$9,مثال_Example!$F$5:$F$804,$P$10,مثال_Example!$G$5:$G$804,$P$11,مثال_Example!$I$5:$I$804,$B143)) -> 0 | D143: =IF($Q$13=0,"—",C143/$Q$13) -> — | E143: =IF(MATCH(B143,GradeList,0)>=AboveRank,"Above",IF(MATCH(B143,GradeList,0)>=AtRank,"At","—")) -> Above | F143: =B143&_xlfn.UNICHAR(8206) -> GD‎
B144: GD+ | C144: =(SUMIFS(Data!$Q$5:$Q$5004,Data!$B$5:$B$5004,$P$6,Data!$C$5:$C$5004,$P$8,Data!$D$5:$D$5004,$P$7,Data!$E$5:$E$5004,$P$9,Data!$F$5:$F$5004,$P$10,Data!$G$5:$G$5004,$P$11,Data!$I$5:$I$5004,$B144)+ExOn*SUMIFS(مثال_Example!$Q$5:$Q$804,مثال_Example!$B$5:$B$804,$P$6,مثال_Example!$C$5:$C$804,$P$8,مثال_Example!$D$5:$D$804,$P$7,مثال_Example!$E$5:$E$804,$P$9,مثال_Example!$F$5:$F$804,$P$10,مثال_Example!$G$5:$G$804,$P$11,مثال_Example!$I$5:$I$804,$B144)) -> 0 | D144: =IF($Q$13=0,"—",C144/$Q$13) -> — | E144: =IF(MATCH(B144,GradeList,0)>=AboveRank,"Above",IF(MATCH(B144,GradeList,0)>=AtRank,"At","—")) -> Above | F144: =B144&_xlfn.UNICHAR(8206) -> GD+‎
B145: المجموع | C145: =SUM(C135:C144) -> 0 | D145: =IF($Q$13=0,"—",C145/$Q$13) -> —
G147: شريحة التحصيل | H147: عدد | I147: %
G148: أقل من At (Below At) | H148: =$Q$13-$Q$14 -> 0 | I148: =IF($Q$13=0,"—",H148/$Q$13) -> —
G149: At (دون Above) | H149: =$Q$14-$Q$15 -> 0 | I149: =IF($Q$13=0,"—",H149/$Q$13) -> —
G150: Above | H150: =$Q$15 -> 0 | I150: =IF($Q$13=0,"—",H150/$Q$13) -> —
G152: تصنيف التقدم | H152: عدد | I152: %
G153: Less Than Expected | H153: =$Q$19 -> 0 | I153: =IF($Q$24=0,"—",H153/$Q$24) -> —
G154: Expected | H154: =$Q$20 -> 0 | I154: =IF($Q$24=0,"—",H154/$Q$24) -> —
G155: Better Than Expected | H155: =$Q$21 -> 0 | I155: =IF($Q$24=0,"—",H155/$Q$24) -> —

Sheet Year_Panel
B1: لوحة الصف | Year Panel
B3: ="اختر الصف والمادة والفترة والمجموعة · العام الدراسي "&Settings!C6&" · الأعداد والنسب والتقديرات حسب البلوك" -> اختر الصف والمادة والفترة والمجموعة · العام الدراسي 2026-27 · الأعداد والنسب والتقديرات حسب البلوك
B4: الدليل | C4: اللوحة | D4: لوحة الصف | E4: المعلمون | F4: إدخال النتائج | G4: هدف التحصيل | H4: هدف التقدم | I4: الإعدادات | J4: المصفوفة | K4: الصفوف | L4: فحوص | M4: اختبارات
P5: معايير الفلاتر (مساعدة)
B6: المادة (Subject) | D6: الصف (Year) | F6: الفترة (Term) | H6: المجموعة (Group) | J6: المعلم (Teacher) | L6: البلوك (Block) | P6: =IF(B7="الكل (All)","*",B7) -> *
B7: الكل (All) | D7: Year 10 | F7: Term 1 | H7: إجمالي الصف (All) | J7: الكل (All) | L7: الكل (All) | P7: =D7 -> Year 10
B8: =IF(Checks!$C$6>0,"⚠ توجد "&Checks!$C$6&" صفوف غير صالحة في Data (راجع عمود الحالة) — لا تدخل في الحساب. ","")&IF(Checks!$C$7>0,"⚠ تنبيهات اتساق: "&Checks!$C$7&" (ورقة Checks). ","")&IF(ExOn=1,"ℹ بيانات «مثال» مُدرجة في التقارير حالياً (Settings).","") | P8: =IF(J7="الكل (All)","*",J7) -> *
P9: =IF(L7="الكل (All)","*",L7) -> *
B10: ="التحصيل | Attainment — "&D7&" · "&F7&" · "&H7 -> التحصيل | Attainment — Year 10 · Term 1 · إجمالي الصف (All) | P10: =F7 -> Term 1
B11: طلاب بنتائج Students with results | D11: At & Above | F11: Above | H11: حكم التحصيل Attainment rating | J11: Δ At & Above مقابل Baseline | L11: Δ Above مقابل Baseline | P11: =H7 -> إجمالي الصف (All)
B12: =$Q$13 -> 0 | D12: =IF($Q$13=0,"لا توجد بيانات",$Q$14/$Q$13) -> لا توجد بيانات | F12: =IF($Q$13=0,"لا توجد بيانات",$Q$15/$Q$13) -> لا توجد بيانات | H12: =IF($Q$13=0,"لا توجد بيانات",IF(ROUND($Q$14/$Q$13,10)<=KeyA_VW,"Very Weak",IF(ROUND($Q$14/$Q$13,10)<KeyA_Weak,"Weak",IF(ROUND($Q$15/$Q$13,10)<KeyA_Acc,"Acceptable",IF(ROUND($Q$15/$Q$13,10)<=KeyA_Good,"Good",IF(ROUND($Q$15/$Q$13,10)<KeyA_Out,"Very Good","Outstanding")))))) -> لا توجد بيانات | J12: =IF(OR($P$10="Baseline",$Q$13=0,$Q$16=0),"—",$Q$14/$Q$13-$Q$17/$Q$16) -> — | L12: =IF(OR($P$10="Baseline",$Q$13=0,$Q$16=0),"—",$Q$15/$Q$13-$Q$18/$Q$16) -> — | P12: قيم مساعدة (للقراءة فقط)
B13: =IF($Q$13=0,"لا توجد بيانات","غياب/بدون نتيجة مستبعد") -> لا توجد بيانات | D13: =IF($Q$13=0,"",$Q$14&" من "&$Q$13&" طالب") | F13: =IF($Q$13=0,"",$Q$15&" من "&$Q$13&" طالب") | H13: حسب المفتاح في Settings | J13: نقاط مئوية (الفترة المختارة − Baseline) | L13: نقاط مئوية (الفترة المختارة − Baseline) | P13: طلاب بنتائج | Q13: =(SUMIFS(Data!$Q$5:$Q$5004,Data!$B$5:$B$5004,$P$6,Data!$D$5:$D$5004,$P$7,Data!$C$5:$C$5004,$P$8,Data!$E$5:$E$5004,$P$9,Data!$F$5:$F$5004,$P$10,Data!$G$5:$G$5004,$P$11)+ExOn*SUMIFS(مثال_Example!$Q$5:$Q$804,مثال_Example!$B$5:$B$804,$P$6,مثال_Example!$D$5:$D$804,$P$7,مثال_Example!$C$5:$C$804,$P$8,مثال_Example!$E$5:$E$804,$P$9,مثال_Example!$F$5:$F$804,$P$10,مثال_Example!$G$5:$G$804,$P$11)) -> 0
P14: At & Above | Q14: =(SUMIFS(Data!$R$5:$R$5004,Data!$B$5:$B$5004,$P$6,Data!$D$5:$D$5004,$P$7,Data!$C$5:$C$5004,$P$8,Data!$E$5:$E$5004,$P$9,Data!$F$5:$F$5004,$P$10,Data!$G$5:$G$5004,$P$11)+ExOn*SUMIFS(مثال_Example!$R$5:$R$804,مثال_Example!$B$5:$B$804,$P$6,مثال_Example!$D$5:$D$804,$P$7,مثال_Example!$C$5:$C$804,$P$8,مثال_Example!$E$5:$E$804,$P$9,مثال_Example!$F$5:$F$804,$P$10,مثال_Example!$G$5:$G$804,$P$11)) -> 0
B15: التقدم | Progress | P15: Above | Q15: =(SUMIFS(Data!$S$5:$S$5004,Data!$B$5:$B$5004,$P$6,Data!$D$5:$D$5004,$P$7,Data!$C$5:$C$5004,$P$8,Data!$E$5:$E$5004,$P$9,Data!$F$5:$F$5004,$P$10,Data!$G$5:$G$5004,$P$11)+ExOn*SUMIFS(مثال_Example!$S$5:$S$804,مثال_Example!$B$5:$B$804,$P$6,مثال_Example!$D$5:$D$804,$P$7,مثال_Example!$C$5:$C$804,$P$8,مثال_Example!$E$5:$E$804,$P$9,مثال_Example!$F$5:$F$804,$P$10,مثال_Example!$G$5:$G$804,$P$11)) -> 0
B16: حالات تقدم قابلة للتصنيف Progress cases | D16: Less Than Expected | F16: Expected | H16: Better Than Expected | J16: Expected & Better | L16: حكم التقدم Progress rating | P16: Baseline: بنتائج | Q16: =(SUMIFS(Data!$Q$5:$Q$5004,Data!$B$5:$B$5004,$P$6,Data!$D$5:$D$5004,$P$7,Data!$C$5:$C$5004,$P$8,Data!$E$5:$E$5004,$P$9,Data!$F$5:$F$5004,"Baseline",Data!$G$5:$G$5004,$P$11)+ExOn*SUMIFS(مثال_Example!$Q$5:$Q$804,مثال_Example!$B$5:$B$804,$P$6,مثال_Example!$D$5:$D$804,$P$7,مثال_Example!$C$5:$C$804,$P$8,مثال_Example!$E$5:$E$804,$P$9,مثال_Example!$F$5:$F$804,"Baseline",مثال_Example!$G$5:$G$804,$P$11)) -> 0
B17: =$Q$24 -> 0 | D17: =IF($Q$24=0,"لا توجد بيانات",$Q$19/$Q$24) -> لا توجد بيانات | F17: =IF($Q$24=0,"لا توجد بيانات",$Q$20/$Q$24) -> لا توجد بيانات | H17: =IF($Q$24=0,"لا توجد بيانات",$Q$21/$Q$24) -> لا توجد بيانات | J17: =IF($Q$24=0,"لا توجد بيانات",($Q$20+$Q$21)/$Q$24) -> لا توجد بيانات | L17: =IF($Q$24=0,"لا توجد بيانات",IF(ROUND(($Q$20+$Q$21)/$Q$24,10)<=KeyP_VW,"Very Weak",IF(ROUND(($Q$20+$Q$21)/$Q$24,10)<KeyP_Weak,"Weak",IF(ROUND($Q$21/$Q$24,10)<KeyP_Acc,"Acceptable",IF(ROUND($Q$21/$Q$24,10)<=KeyP_Good,"Good",IF(ROUND($Q$21/$Q$24,10)<KeyP_Out,"Very Good","Outstanding")))))) -> لا توجد بيانات | P17: Baseline: At | Q17: =(SUMIFS(Data!$R$5:$R$5004,Data!$B$5:$B$5004,$P$6,Data!$D$5:$D$5004,$P$7,Data!$C$5:$C$5004,$P$8,Data!$E$5:$E$5004,$P$9,Data!$F$5:$F$5004,"Baseline",Data!$G$5:$G$5004,$P$11)+ExOn*SUMIFS(مثال_Example!$R$5:$R$804,مثال_Example!$B$5:$B$804,$P$6,مثال_Example!$D$5:$D$804,$P$7,مثال_Example!$C$5:$C$804,$P$8,مثال_Example!$E$5:$E$804,$P$9,مثال_Example!$F$5:$F$804,"Baseline",مثال_Example!$G$5:$G$804,$P$11)) -> 0
B18: ="مستبعد: U "&$Q$22&" · بدون Start "&$Q$23 -> مستبعد: U 0 · بدون Start 0 | D18: =IF($Q$24=0,"",$Q$19&" طالب") | F18: =IF($Q$24=0,"",$Q$20&" طالب") | H18: =IF($Q$24=0,"",$Q$21&" طالب") | J18: =IF($Q$24=0,"",($Q$20+$Q$21)&" طالب") | L18: حسب مفتاح التقدم في Settings | P18: Baseline: Above | Q18: =(SUMIFS(Data!$S$5:$S$5004,Data!$B$5:$B$5004,$P$6,Data!$D$5:$D$5004,$P$7,Data!$C$5:$C$5004,$P$8,Data!$E$5:$E$5004,$P$9,Data!$F$5:$F$5004,"Baseline",Data!$G$5:$G$5004,$P$11)+ExOn*SUMIFS(مثال_Example!$S$5:$S$804,مثال_Example!$B$5:$B$804,$P$6,مثال_Example!$D$5:$D$804,$P$7,مثال_Example!$C$5:$C$804,$P$8,مثال_Example!$E$5:$E$804,$P$9,مثال_Example!$F$5:$F$804,"Baseline",مثال_Example!$G$5:$G$804,$P$11)) -> 0
P19: Less | Q19: =(SUMIFS(Data!$T$5:$T$5004,Data!$B$5:$B$5004,$P$6,Data!$D$5:$D$5004,$P$7,Data!$C$5:$C$5004,$P$8,Data!$E$5:$E$5004,$P$9,Data!$F$5:$F$5004,$P$10,Data!$G$5:$G$5004,$P$11)+ExOn*SUMIFS(مثال_Example!$T$5:$T$804,مثال_Example!$B$5:$B$804,$P$6,مثال_Example!$D$5:$D$804,$P$7,مثال_Example!$C$5:$C$804,$P$8,مثال_Example!$E$5:$E$804,$P$9,مثال_Example!$F$5:$F$804,$P$10,مثال_Example!$G$5:$G$804,$P$11)) -> 0
B20: الرسوم | Charts | P20: Expected | Q20: =(SUMIFS(Data!$U$5:$U$5004,Data!$B$5:$B$5004,$P$6,Data!$D$5:$D$5004,$P$7,Data!$C$5:$C$5004,$P$8,Data!$E$5:$E$5004,$P$9,Data!$F$5:$F$5004,$P$10,Data!$G$5:$G$5004,$P$11)+ExOn*SUMIFS(مثال_Example!$U$5:$U$804,مثال_Example!$B$5:$B$804,$P$6,مثال_Example!$D$5:$D$804,$P$7,مثال_Example!$C$5:$C$804,$P$8,مثال_Example!$E$5:$E$804,$P$9,مثال_Example!$F$5:$F$804,$P$10,مثال_Example!$G$5:$G$804,$P$11)) -> 0
P21: Better | Q21: =(SUMIFS(Data!$V$5:$V$5004,Data!$B$5:$B$5004,$P$6,Data!$D$5:$D$5004,$P$7,Data!$C$5:$C$5004,$P$8,Data!$E$5:$E$5004,$P$9,Data!$F$5:$F$5004,$P$10,Data!$G$5:$G$5004,$P$11)+ExOn*SUMIFS(مثال_Example!$V$5:$V$804,مثال_Example!$B$5:$B$804,$P$6,مثال_Example!$D$5:$D$804,$P$7,مثال_Example!$C$5:$C$804,$P$8,مثال_Example!$E$5:$E$804,$P$9,مثال_Example!$F$5:$F$804,$P$10,مثال_Example!$G$5:$G$804,$P$11)) -> 0
P22: U مستبعد | Q22: =(SUMIFS(Data!$W$5:$W$5004,Data!$B$5:$B$5004,$P$6,Data!$D$5:$D$5004,$P$7,Data!$C$5:$C$5004,$P$8,Data!$E$5:$E$5004,$P$9,Data!$F$5:$F$5004,$P$10,Data!$G$5:$G$5004,$P$11)+ExOn*SUMIFS(مثال_Example!$W$5:$W$804,مثال_Example!$B$5:$B$804,$P$6,مثال_Example!$D$5:$D$804,$P$7,مثال_Example!$C$5:$C$804,$P$8,مثال_Example!$E$5:$E$804,$P$9,مثال_Example!$F$5:$F$804,$P$10,مثال_Example!$G$5:$G$804,$P$11)) -> 0
P23: بدون Start | Q23: =(SUMIFS(Data!$X$5:$X$5004,Data!$B$5:$B$5004,$P$6,Data!$D$5:$D$5004,$P$7,Data!$C$5:$C$5004,$P$8,Data!$E$5:$E$5004,$P$9,Data!$F$5:$F$5004,$P$10,Data!$G$5:$G$5004,$P$11)+ExOn*SUMIFS(مثال_Example!$X$5:$X$804,مثال_Example!$B$5:$B$804,$P$6,مثال_Example!$D$5:$D$804,$P$7,مثال_Example!$C$5:$C$804,$P$8,مثال_Example!$E$5:$E$804,$P$9,مثال_Example!$F$5:$F$804,$P$10,مثال_Example!$G$5:$G$804,$P$11)) -> 0
P24: حالات التقدم | Q24: =$Q$19+$Q$20+$Q$21 -> 0
H70: مفتاح الأحكام | Rating key
H71: Outstanding | J71: At & Above ≥ 75% و Above ≥ 75%
H72: Very Good | J72: At & Above ≥ 75% و Above > 60% و < 75%
H73: Good | J73: At & Above ≥ 75% و Above من 50% إلى 60%
H74: Acceptable | J74: At & Above ≥ 75% و Above < 50%
H75: Weak | J75: At & Above بين 15% و 75% (أقل من 75%)
H76: Very Weak | J76: At & Above ≤ 15%
H77: Less Than Expected | J77: التصنيف يُؤخذ من مصفوفة التقدم (Progress_Matrix) بالبحث عن Start Point والدرجة الحالية. U وحالات بلا Start تُستبعد من التقدم وتُعرض أعدادها.
H78: Expected
H79: Better Than Expected
B93: المقارنة مع نقطة البداية حسب الفترة (لهذا الصف) | By Term
B94: الفترة Term | C94: طلاب بنتائج | D94: At & Above % | E94: Above % | F94: Δ At&Above مقابل BSL | G94: Δ Above مقابل BSL | H94: حالات تقدم | I94: Less % | J94: Expected % | K94: Better % | L94: Expected&Better % | M94: حكم التحصيل
B95: Baseline | C95: =(SUMIFS(Data!$Q$5:$Q$5004,Data!$B$5:$B$5004,$P$6,Data!$D$5:$D$5004,$P$7,Data!$C$5:$C$5004,$P$8,Data!$E$5:$E$5004,$P$9,Data!$F$5:$F$5004,$B95,Data!$G$5:$G$5004,$P$11)+ExOn*SUMIFS(مثال_Example!$Q$5:$Q$804,مثال_Example!$B$5:$B$804,$P$6,مثال_Example!$D$5:$D$804,$P$7,مثال_Example!$C$5:$C$804,$P$8,مثال_Example!$E$5:$E$804,$P$9,مثال_Example!$F$5:$F$804,$B95,مثال_Example!$G$5:$G$804,$P$11)) -> 0 | D95: =IF($C95=0,"—",(SUMIFS(Data!$R$5:$R$5004,Data!$B$5:$B$5004,$P$6,Data!$D$5:$D$5004,$P$7,Data!$C$5:$C$5004,$P$8,Data!$E$5:$E$5004,$P$9,Data!$F$5:$F$5004,$B95,Data!$G$5:$G$5004,$P$11)+ExOn*SUMIFS(مثال_Example!$R$5:$R$804,مثال_Example!$B$5:$B$804,$P$6,مثال_Example!$D$5:$D$804,$P$7,مثال_Example!$C$5:$C$804,$P$8,مثال_Example!$E$5:$E$804,$P$9,مثال_Example!$F$5:$F$804,$B95,مثال_Example!$G$5:$G$804,$P$11))/$C95) -> — | E95: =IF($C95=0,"—",(SUMIFS(Data!$S$5:$S$5004,Data!$B$5:$B$5004,$P$6,Data!$D$5:$D$5004,$P$7,Data!$C$5:$C$5004,$P$8,Data!$E$5:$E$5004,$P$9,Data!$F$5:$F$5004,$B95,Data!$G$5:$G$5004,$P$11)+ExOn*SUMIFS(مثال_Example!$S$5:$S$804,مثال_Example!$B$5:$B$804,$P$6,مثال_Example!$D$5:$D$804,$P$7,مثال_Example!$C$5:$C$804,$P$8,مثال_Example!$E$5:$E$804,$P$9,مثال_Example!$F$5:$F$804,$B95,مثال_Example!$G$5:$G$804,$P$11))/$C95) -> — | F95: =IF(OR($B95="Baseline",NOT(ISNUMBER(D95)),NOT(ISNUMBER(D$95))),"—",D95-D$95) -> — | G95: =IF(OR($B95="Baseline",NOT(ISNUMBER(E95)),NOT(ISNUMBER(E$95))),"—",E95-E$95) -> — | H95: =(SUMIFS(Data!$T$5:$T$5004,Data!$B$5:$B$5004,$P$6,Data!$D$5:$D$5004,$P$7,Data!$C$5:$C$5004,$P$8,Data!$E$5:$E$5004,$P$9,Data!$F$5:$F$5004,$B95,Data!$G$5:$G$5004,$P$11)+ExOn*SUMIFS(مثال_Example!$T$5:$T$804,مثال_Example!$B$5:$B$804,$P$6,مثال_Example!$D$5:$D$804,$P$7,مثال_Example!$C$5:$C$804,$P$8,مثال_Example!$E$5:$E$804,$P$9,مثال_Example!$F$5:$F$804,$B95,مثال_Example!$G$5:$G$804,$P$11))+(SUMIFS(Data!$U$5:$U$5004,Data!$B$5:$B$5004,$P$6,Data!$D$5:$D$5004,$P$7,Data!$C$5:$C$5004,$P$8,Data!$E$5:$E$5004,$P$9,Data!$F$5:$F$5004,$B95,Data!$G$5:$G$5004,$P$11)+ExOn*SUMIFS(مثال_Example!$U$5:$U$804,مثال_Example!$B$5:$B$804,$P$6,مثال_Example!$D$5:$D$804,$P$7,مثال_Example!$C$5:$C$804,$P$8,مثال_Example!$E$5:$E$804,$P$9,مثال_Example!$F$5:$F$804,$B95,مثال_Example!$G$5:$G$804,$P$11))+(SUMIFS(Data!$V$5:$V$5004,Data!$B$5:$B$5004,$P$6,Data!$D$5:$D$5004,$P$7,Data!$C$5:$C$5004,$P$8,Data!$E$5:$E$5004,$P$9,Data!$F$5:$F$5004,$B95,Data!$G$5:$G$5004,$P$11)+ExOn*SUMIFS(مثال_Example!$V$5:$V$804,مثال_Example!$B$5:$B$804,$P$6,مثال_Example!$D$5:$D$804,$P$7,مثال_Example!$C$5:$C$804,$P$8,مثال_Example!$E$5:$E$804,$P$9,مثال_Example!$F$5:$F$804,$B95,مثال_Example!$G$5:$G$804,$P$11)) -> 0 | I95: =IF($H95=0,"—",(SUMIFS(Data!$T$5:$T$5004,Data!$B$5:$B$5004,$P$6,Data!$D$5:$D$5004,$P$7,Data!$C$5:$C$5004,$P$8,Data!$E$5:$E$5004,$P$9,Data!$F$5:$F$5004,$B95,Data!$G$5:$G$5004,$P$11)+ExOn*SUMIFS(مثال_Example!$T$5:$T$804,مثال_Example!$B$5:$B$804,$P$6,مثال_Example!$D$5:$D$804,$P$7,مثال_Example!$C$5:$C$804,$P$8,مثال_Example!$E$5:$E$804,$P$9,مثال_Example!$F$5:$F$804,$B95,مثال_Example!$G$5:$G$804,$P$11))/$H95) -> — | J95: =IF($H95=0,"—",(SUMIFS(Data!$U$5:$U$5004,Data!$B$5:$B$5004,$P$6,Data!$D$5:$D$5004,$P$7,Data!$C$5:$C$5004,$P$8,Data!$E$5:$E$5004,$P$9,Data!$F$5:$F$5004,$B95,Data!$G$5:$G$5004,$P$11)+ExOn*SUMIFS(مثال_Example!$U$5:$U$804,مثال_Example!$B$5:$B$804,$P$6,مثال_Example!$D$5:$D$804,$P$7,مثال_Example!$C$5:$C$804,$P$8,مثال_Example!$E$5:$E$804,$P$9,مثال_Example!$F$5:$F$804,$B95,مثال_Example!$G$5:$G$804,$P$11))/$H95) -> — | K95: =IF($H95=0,"—",(SUMIFS(Data!$V$5:$V$5004,Data!$B$5:$B$5004,$P$6,Data!$D$5:$D$5004,$P$7,Data!$C$5:$C$5004,$P$8,Data!$E$5:$E$5004,$P$9,Data!$F$5:$F$5004,$B95,Data!$G$5:$G$5004,$P$11)+ExOn*SUMIFS(مثال_Example!$V$5:$V$804,مثال_Example!$B$5:$B$804,$P$6,مثال_Example!$D$5:$D$804,$P$7,مثال_Example!$C$5:$C$804,$P$8,مثال_Example!$E$5:$E$804,$P$9,مثال_Example!$F$5:$F$804,$B95,مثال_Example!$G$5:$G$804,$P$11))/$H95) -> — | L95: =IF($H95=0,"—",((SUMIFS(Data!$U$5:$U$5004,Data!$B$5:$B$5004,$P$6,Data!$D$5:$D$5004,$P$7,Data!$C$5:$C$5004,$P$8,Data!$E$5:$E$5004,$P$9,Data!$F$5:$F$5004,$B95,Data!$G$5:$G$5004,$P$11)+ExOn*SUMIFS(مثال_Example!$U$5:$U$804,مثال_Example!$B$5:$B$804,$P$6,مثال_Example!$D$5:$D$804,$P$7,مثال_Example!$C$5:$C$804,$P$8,مثال_Example!$E$5:$E$804,$P$9,مثال_Example!$F$5:$F$804,$B95,مثال_Example!$G$5:$G$804,$P$11))+(SUMIFS(Data!$V$5:$V$5004,Data!$B$5:$B$5004,$P$6,Data!$D$5:$D$5004,$P$7,Data!$C$5:$C$5004,$P$8,Data!$E$5:$E$5004,$P$9,Data!$F$5:$F$5004,$B95,Data!$G$5:$G$5004,$P$11)+ExOn*SUMIFS(مثال_Example!$V$5:$V$804,مثال_Example!$B$5:$B$804,$P$6,مثال_Example!$D$5:$D$804,$P$7,مثال_Example!$C$5:$C$804,$P$8,مثال_Example!$E$5:$E$804,$P$9,مثال_Example!$F$5:$F$804,$B95,مثال_Example!$G$5:$G$804,$P$11)))/$H95) -> — | M95: =IF($C95=0,"لا توجد بيانات",IF(ROUND(IF(ISNUMBER(D95),D95,0),10)<=KeyA_VW,"Very Weak",IF(ROUND(IF(ISNUMBER(D95),D95,0),10)<KeyA_Weak,"Weak",IF(ROUND(IF(ISNUMBER(E95),E95,0),10)<KeyA_Acc,"Acceptable",IF(ROUND(IF(ISNUMBER(E95),E95,0),10)<=KeyA_Good,"Good",IF(ROUND(IF(ISNUMBER(E95),E95,0),10)<KeyA_Out,"Very Good","Outstanding")))))) -> لا توجد بيانات
B96: Term 1 | C96: =(SUMIFS(Data!$Q$5:$Q$5004,Data!$B$5:$B$5004,$P$6,Data!$D$5:$D$5004,$P$7,Data!$C$5:$C$5004,$P$8,Data!$E$5:$E$5004,$P$9,Data!$F$5:$F$5004,$B96,Data!$G$5:$G$5004,$P$11)+ExOn*SUMIFS(مثال_Example!$Q$5:$Q$804,مثال_Example!$B$5:$B$804,$P$6,مثال_Example!$D$5:$D$804,$P$7,مثال_Example!$C$5:$C$804,$P$8,مثال_Example!$E$5:$E$804,$P$9,مثال_Example!$F$5:$F$804,$B96,مثال_Example!$G$5:$G$804,$P$11)) -> 0 | D96: =IF($C96=0,"—",(SUMIFS(Data!$R$5:$R$5004,Data!$B$5:$B$5004,$P$6,Data!$D$5:$D$5004,$P$7,Data!$C$5:$C$5004,$P$8,Data!$E$5:$E$5004,$P$9,Data!$F$5:$F$5004,$B96,Data!$G$5:$G$5004,$P$11)+ExOn*SUMIFS(مثال_Example!$R$5:$R$804,مثال_Example!$B$5:$B$804,$P$6,مثال_Example!$D$5:$D$804,$P$7,مثال_Example!$C$5:$C$804,$P$8,مثال_Example!$E$5:$E$804,$P$9,مثال_Example!$F$5:$F$804,$B96,مثال_Example!$G$5:$G$804,$P$11))/$C96) -> — | E96: =IF($C96=0,"—",(SUMIFS(Data!$S$5:$S$5004,Data!$B$5:$B$5004,$P$6,Data!$D$5:$D$5004,$P$7,Data!$C$5:$C$5004,$P$8,Data!$E$5:$E$5004,$P$9,Data!$F$5:$F$5004,$B96,Data!$G$5:$G$5004,$P$11)+ExOn*SUMIFS(مثال_Example!$S$5:$S$804,مثال_Example!$B$5:$B$804,$P$6,مثال_Example!$D$5:$D$804,$P$7,مثال_Example!$C$5:$C$804,$P$8,مثال_Example!$E$5:$E$804,$P$9,مثال_Example!$F$5:$F$804,$B96,مثال_Example!$G$5:$G$804,$P$11))/$C96) -> — | F96: =IF(OR($B96="Baseline",NOT(ISNUMBER(D96)),NOT(ISNUMBER(D$95))),"—",D96-D$95) -> — | G96: =IF(OR($B96="Baseline",NOT(ISNUMBER(E96)),NOT(ISNUMBER(E$95))),"—",E96-E$95) -> — | H96: =(SUMIFS(Data!$T$5:$T$5004,Data!$B$5:$B$5004,$P$6,Data!$D$5:$D$5004,$P$7,Data!$C$5:$C$5004,$P$8,Data!$E$5:$E$5004,$P$9,Data!$F$5:$F$5004,$B96,Data!$G$5:$G$5004,$P$11)+ExOn*SUMIFS(مثال_Example!$T$5:$T$804,مثال_Example!$B$5:$B$804,$P$6,مثال_Example!$D$5:$D$804,$P$7,مثال_Example!$C$5:$C$804,$P$8,مثال_Example!$E$5:$E$804,$P$9,مثال_Example!$F$5:$F$804,$B96,مثال_Example!$G$5:$G$804,$P$11))+(SUMIFS(Data!$U$5:$U$5004,Data!$B$5:$B$5004,$P$6,Data!$D$5:$D$5004,$P$7,Data!$C$5:$C$5004,$P$8,Data!$E$5:$E$5004,$P$9,Data!$F$5:$F$5004,$B96,Data!$G$5:$G$5004,$P$11)+ExOn*SUMIFS(مثال_Example!$U$5:$U$804,مثال_Example!$B$5:$B$804,$P$6,مثال_Example!$D$5:$D$804,$P$7,مثال_Example!$C$5:$C$804,$P$8,مثال_Example!$E$5:$E$804,$P$9,مثال_Example!$F$5:$F$804,$B96,مثال_Example!$G$5:$G$804,$P$11))+(SUMIFS(Data!$V$5:$V$5004,Data!$B$5:$B$5004,$P$6,Data!$D$5:$D$5004,$P$7,Data!$C$5:$C$5004,$P$8,Data!$E$5:$E$5004,$P$9,Data!$F$5:$F$5004,$B96,Data!$G$5:$G$5004,$P$11)+ExOn*SUMIFS(مثال_Example!$V$5:$V$804,مثال_Example!$B$5:$B$804,$P$6,مثال_Example!$D$5:$D$804,$P$7,مثال_Example!$C$5:$C$804,$P$8,مثال_Example!$E$5:$E$804,$P$9,مثال_Example!$F$5:$F$804,$B96,مثال_Example!$G$5:$G$804,$P$11)) -> 0 | I96: =IF($H96=0,"—",(SUMIFS(Data!$T$5:$T$5004,Data!$B$5:$B$5004,$P$6,Data!$D$5:$D$5004,$P$7,Data!$C$5:$C$5004,$P$8,Data!$E$5:$E$5004,$P$9,Data!$F$5:$F$5004,$B96,Data!$G$5:$G$5004,$P$11)+ExOn*SUMIFS(مثال_Example!$T$5:$T$804,مثال_Example!$B$5:$B$804,$P$6,مثال_Example!$D$5:$D$804,$P$7,مثال_Example!$C$5:$C$804,$P$8,مثال_Example!$E$5:$E$804,$P$9,مثال_Example!$F$5:$F$804,$B96,مثال_Example!$G$5:$G$804,$P$11))/$H96) -> — | J96: =IF($H96=0,"—",(SUMIFS(Data!$U$5:$U$5004,Data!$B$5:$B$5004,$P$6,Data!$D$5:$D$5004,$P$7,Data!$C$5:$C$5004,$P$8,Data!$E$5:$E$5004,$P$9,Data!$F$5:$F$5004,$B96,Data!$G$5:$G$5004,$P$11)+ExOn*SUMIFS(مثال_Example!$U$5:$U$804,مثال_Example!$B$5:$B$804,$P$6,مثال_Example!$D$5:$D$804,$P$7,مثال_Example!$C$5:$C$804,$P$8,مثال_Example!$E$5:$E$804,$P$9,مثال_Example!$F$5:$F$804,$B96,مثال_Example!$G$5:$G$804,$P$11))/$H96) -> — | K96: =IF($H96=0,"—",(SUMIFS(Data!$V$5:$V$5004,Data!$B$5:$B$5004,$P$6,Data!$D$5:$D$5004,$P$7,Data!$C$5:$C$5004,$P$8,Data!$E$5:$E$5004,$P$9,Data!$F$5:$F$5004,$B96,Data!$G$5:$G$5004,$P$11)+ExOn*SUMIFS(مثال_Example!$V$5:$V$804,مثال_Example!$B$5:$B$804,$P$6,مثال_Example!$D$5:$D$804,$P$7,مثال_Example!$C$5:$C$804,$P$8,مثال_Example!$E$5:$E$804,$P$9,مثال_Example!$F$5:$F$804,$B96,مثال_Example!$G$5:$G$804,$P$11))/$H96) -> — | L96: =IF($H96=0,"—",((SUMIFS(Data!$U$5:$U$5004,Data!$B$5:$B$5004,$P$6,Data!$D$5:$D$5004,$P$7,Data!$C$5:$C$5004,$P$8,Data!$E$5:$E$5004,$P$9,Data!$F$5:$F$5004,$B96,Data!$G$5:$G$5004,$P$11)+ExOn*SUMIFS(مثال_Example!$U$5:$U$804,مثال_Example!$B$5:$B$804,$P$6,مثال_Example!$D$5:$D$804,$P$7,مثال_Example!$C$5:$C$804,$P$8,مثال_Example!$E$5:$E$804,$P$9,مثال_Example!$F$5:$F$804,$B96,مثال_Example!$G$5:$G$804,$P$11))+(SUMIFS(Data!$V$5:$V$5004,Data!$B$5:$B$5004,$P$6,Data!$D$5:$D$5004,$P$7,Data!$C$5:$C$5004,$P$8,Data!$E$5:$E$5004,$P$9,Data!$F$5:$F$5004,$B96,Data!$G$5:$G$5004,$P$11)+ExOn*SUMIFS(مثال_Example!$V$5:$V$804,مثال_Example!$B$5:$B$804,$P$6,مثال_Example!$D$5:$D$804,$P$7,مثال_Example!$C$5:$C$804,$P$8,مثال_Example!$E$5:$E$804,$P$9,مثال_Example!$F$5:$F$804,$B96,مثال_Example!$G$5:$G$804,$P$11)))/$H96) -> — | M96: =IF($C96=0,"لا توجد بيانات",IF(ROUND(IF(ISNUMBER(D96),D96,0),10)<=KeyA_VW,"Very Weak",IF(ROUND(IF(ISNUMBER(D96),D96,0),10)<KeyA_Weak,"Weak",IF(ROUND(IF(ISNUMBER(E96),E96,0),10)<KeyA_Acc,"Acceptable",IF(ROUND(IF(ISNUMBER(E96),E96,0),10)<=KeyA_Good,"Good",IF(ROUND(IF(ISNUMBER(E96),E96,0),10)<KeyA_Out,"Very Good","Outstanding")))))) -> لا توجد بيانات
B97: Term 2 | C97: =(SUMIFS(Data!$Q$5:$Q$5004,Data!$B$5:$B$5004,$P$6,Data!$D$5:$D$5004,$P$7,Data!$C$5:$C$5004,$P$8,Data!$E$5:$E$5004,$P$9,Data!$F$5:$F$5004,$B97,Data!$G$5:$G$5004,$P$11)+ExOn*SUMIFS(مثال_Example!$Q$5:$Q$804,مثال_Example!$B$5:$B$804,$P$6,مثال_Example!$D$5:$D$804,$P$7,مثال_Example!$C$5:$C$804,$P$8,مثال_Example!$E$5:$E$804,$P$9,مثال_Example!$F$5:$F$804,$B97,مثال_Example!$G$5:$G$804,$P$11)) -> 0 | D97: =IF($C97=0,"—",(SUMIFS(Data!$R$5:$R$5004,Data!$B$5:$B$5004,$P$6,Data!$D$5:$D$5004,$P$7,Data!$C$5:$C$5004,$P$8,Data!$E$5:$E$5004,$P$9,Data!$F$5:$F$5004,$B97,Data!$G$5:$G$5004,$P$11)+ExOn*SUMIFS(مثال_Example!$R$5:$R$804,مثال_Example!$B$5:$B$804,$P$6,مثال_Example!$D$5:$D$804,$P$7,مثال_Example!$C$5:$C$804,$P$8,مثال_Example!$E$5:$E$804,$P$9,مثال_Example!$F$5:$F$804,$B97,مثال_Example!$G$5:$G$804,$P$11))/$C97) -> — | E97: =IF($C97=0,"—",(SUMIFS(Data!$S$5:$S$5004,Data!$B$5:$B$5004,$P$6,Data!$D$5:$D$5004,$P$7,Data!$C$5:$C$5004,$P$8,Data!$E$5:$E$5004,$P$9,Data!$F$5:$F$5004,$B97,Data!$G$5:$G$5004,$P$11)+ExOn*SUMIFS(مثال_Example!$S$5:$S$804,مثال_Example!$B$5:$B$804,$P$6,مثال_Example!$D$5:$D$804,$P$7,مثال_Example!$C$5:$C$804,$P$8,مثال_Example!$E$5:$E$804,$P$9,مثال_Example!$F$5:$F$804,$B97,مثال_Example!$G$5:$G$804,$P$11))/$C97) -> — | F97: =IF(OR($B97="Baseline",NOT(ISNUMBER(D97)),NOT(ISNUMBER(D$95))),"—",D97-D$95) -> — | G97: =IF(OR($B97="Baseline",NOT(ISNUMBER(E97)),NOT(ISNUMBER(E$95))),"—",E97-E$95) -> — | H97: =(SUMIFS(Data!$T$5:$T$5004,Data!$B$5:$B$5004,$P$6,Data!$D$5:$D$5004,$P$7,Data!$C$5:$C$5004,$P$8,Data!$E$5:$E$5004,$P$9,Data!$F$5:$F$5004,$B97,Data!$G$5:$G$5004,$P$11)+ExOn*SUMIFS(مثال_Example!$T$5:$T$804,مثال_Example!$B$5:$B$804,$P$6,مثال_Example!$D$5:$D$804,$P$7,مثال_Example!$C$5:$C$804,$P$8,مثال_Example!$E$5:$E$804,$P$9,مثال_Example!$F$5:$F$804,$B97,مثال_Example!$G$5:$G$804,$P$11))+(SUMIFS(Data!$U$5:$U$5004,Data!$B$5:$B$5004,$P$6,Data!$D$5:$D$5004,$P$7,Data!$C$5:$C$5004,$P$8,Data!$E$5:$E$5004,$P$9,Data!$F$5:$F$5004,$B97,Data!$G$5:$G$5004,$P$11)+ExOn*SUMIFS(مثال_Example!$U$5:$U$804,مثال_Example!$B$5:$B$804,$P$6,مثال_Example!$D$5:$D$804,$P$7,مثال_Example!$C$5:$C$804,$P$8,مثال_Example!$E$5:$E$804,$P$9,مثال_Example!$F$5:$F$804,$B97,مثال_Example!$G$5:$G$804,$P$11))+(SUMIFS(Data!$V$5:$V$5004,Data!$B$5:$B$5004,$P$6,Data!$D$5:$D$5004,$P$7,Data!$C$5:$C$5004,$P$8,Data!$E$5:$E$5004,$P$9,Data!$F$5:$F$5004,$B97,Data!$G$5:$G$5004,$P$11)+ExOn*SUMIFS(مثال_Example!$V$5:$V$804,مثال_Example!$B$5:$B$804,$P$6,مثال_Example!$D$5:$D$804,$P$7,مثال_Example!$C$5:$C$804,$P$8,مثال_Example!$E$5:$E$804,$P$9,مثال_Example!$F$5:$F$804,$B97,مثال_Example!$G$5:$G$804,$P$11)) -> 0 | I97: =IF($H97=0,"—",(SUMIFS(Data!$T$5:$T$5004,Data!$B$5:$B$5004,$P$6,Data!$D$5:$D$5004,$P$7,Data!$C$5:$C$5004,$P$8,Data!$E$5:$E$5004,$P$9,Data!$F$5:$F$5004,$B97,Data!$G$5:$G$5004,$P$11)+ExOn*SUMIFS(مثال_Example!$T$5:$T$804,مثال_Example!$B$5:$B$804,$P$6,مثال_Example!$D$5:$D$804,$P$7,مثال_Example!$C$5:$C$804,$P$8,مثال_Example!$E$5:$E$804,$P$9,مثال_Example!$F$5:$F$804,$B97,مثال_Example!$G$5:$G$804,$P$11))/$H97) -> — | J97: =IF($H97=0,"—",(SUMIFS(Data!$U$5:$U$5004,Data!$B$5:$B$5004,$P$6,Data!$D$5:$D$5004,$P$7,Data!$C$5:$C$5004,$P$8,Data!$E$5:$E$5004,$P$9,Data!$F$5:$F$5004,$B97,Data!$G$5:$G$5004,$P$11)+ExOn*SUMIFS(مثال_Example!$U$5:$U$804,مثال_Example!$B$5:$B$804,$P$6,مثال_Example!$D$5:$D$804,$P$7,مثال_Example!$C$5:$C$804,$P$8,مثال_Example!$E$5:$E$804,$P$9,مثال_Example!$F$5:$F$804,$B97,مثال_Example!$G$5:$G$804,$P$11))/$H97) -> — | K97: =IF($H97=0,"—",(SUMIFS(Data!$V$5:$V$5004,Data!$B$5:$B$5004,$P$6,Data!$D$5:$D$5004,$P$7,Data!$C$5:$C$5004,$P$8,Data!$E$5:$E$5004,$P$9,Data!$F$5:$F$5004,$B97,Data!$G$5:$G$5004,$P$11)+ExOn*SUMIFS(مثال_Example!$V$5:$V$804,مثال_Example!$B$5:$B$804,$P$6,مثال_Example!$D$5:$D$804,$P$7,مثال_Example!$C$5:$C$804,$P$8,مثال_Example!$E$5:$E$804,$P$9,مثال_Example!$F$5:$F$804,$B97,مثال_Example!$G$5:$G$804,$P$11))/$H97) -> — | L97: =IF($H97=0,"—",((SUMIFS(Data!$U$5:$U$5004,Data!$B$5:$B$5004,$P$6,Data!$D$5:$D$5004,$P$7,Data!$C$5:$C$5004,$P$8,Data!$E$5:$E$5004,$P$9,Data!$F$5:$F$5004,$B97,Data!$G$5:$G$5004,$P$11)+ExOn*SUMIFS(مثال_Example!$U$5:$U$804,مثال_Example!$B$5:$B$804,$P$6,مثال_Example!$D$5:$D$804,$P$7,مثال_Example!$C$5:$C$804,$P$8,مثال_Example!$E$5:$E$804,$P$9,مثال_Example!$F$5:$F$804,$B97,مثال_Example!$G$5:$G$804,$P$11))+(SUMIFS(Data!$V$5:$V$5004,Data!$B$5:$B$5004,$P$6,Data!$D$5:$D$5004,$P$7,Data!$C$5:$C$5004,$P$8,Data!$E$5:$E$5004,$P$9,Data!$F$5:$F$5004,$B97,Data!$G$5:$G$5004,$P$11)+ExOn*SUMIFS(مثال_Example!$V$5:$V$804,مثال_Example!$B$5:$B$804,$P$6,مثال_Example!$D$5:$D$804,$P$7,مثال_Example!$C$5:$C$804,$P$8,مثال_Example!$E$5:$E$804,$P$9,مثال_Example!$F$5:$F$804,$B97,مثال_Example!$G$5:$G$804,$P$11)))/$H97) -> — | M97: =IF($C97=0,"لا توجد بيانات",IF(ROUND(IF(ISNUMBER(D97),D97,0),10)<=KeyA_VW,"Very Weak",IF(ROUND(IF(ISNUMBER(D97),D97,0),10)<KeyA_Weak,"Weak",IF(ROUND(IF(ISNUMBER(E97),E97,0),10)<KeyA_Acc,"Acceptable",IF(ROUND(IF(ISNUMBER(E97),E97,0),10)<=KeyA_Good,"Good",IF(ROUND(IF(ISNUMBER(E97),E97,0),10)<KeyA_Out,"Very Good","Outstanding")))))) -> لا توجد بيانات
B98: Term 3 | C98: =(SUMIFS(Data!$Q$5:$Q$5004,Data!$B$5:$B$5004,$P$6,Data!$D$5:$D$5004,$P$7,Data!$C$5:$C$5004,$P$8,Data!$E$5:$E$5004,$P$9,Data!$F$5:$F$5004,$B98,Data!$G$5:$G$5004,$P$11)+ExOn*SUMIFS(مثال_Example!$Q$5:$Q$804,مثال_Example!$B$5:$B$804,$P$6,مثال_Example!$D$5:$D$804,$P$7,مثال_Example!$C$5:$C$804,$P$8,مثال_Example!$E$5:$E$804,$P$9,مثال_Example!$F$5:$F$804,$B98,مثال_Example!$G$5:$G$804,$P$11)) -> 0 | D98: =IF($C98=0,"—",(SUMIFS(Data!$R$5:$R$5004,Data!$B$5:$B$5004,$P$6,Data!$D$5:$D$5004,$P$7,Data!$C$5:$C$5004,$P$8,Data!$E$5:$E$5004,$P$9,Data!$F$5:$F$5004,$B98,Data!$G$5:$G$5004,$P$11)+ExOn*SUMIFS(مثال_Example!$R$5:$R$804,مثال_Example!$B$5:$B$804,$P$6,مثال_Example!$D$5:$D$804,$P$7,مثال_Example!$C$5:$C$804,$P$8,مثال_Example!$E$5:$E$804,$P$9,مثال_Example!$F$5:$F$804,$B98,مثال_Example!$G$5:$G$804,$P$11))/$C98) -> — | E98: =IF($C98=0,"—",(SUMIFS(Data!$S$5:$S$5004,Data!$B$5:$B$5004,$P$6,Data!$D$5:$D$5004,$P$7,Data!$C$5:$C$5004,$P$8,Data!$E$5:$E$5004,$P$9,Data!$F$5:$F$5004,$B98,Data!$G$5:$G$5004,$P$11)+ExOn*SUMIFS(مثال_Example!$S$5:$S$804,مثال_Example!$B$5:$B$804,$P$6,مثال_Example!$D$5:$D$804,$P$7,مثال_Example!$C$5:$C$804,$P$8,مثال_Example!$E$5:$E$804,$P$9,مثال_Example!$F$5:$F$804,$B98,مثال_Example!$G$5:$G$804,$P$11))/$C98) -> — | F98: =IF(OR($B98="Baseline",NOT(ISNUMBER(D98)),NOT(ISNUMBER(D$95))),"—",D98-D$95) -> — | G98: =IF(OR($B98="Baseline",NOT(ISNUMBER(E98)),NOT(ISNUMBER(E$95))),"—",E98-E$95) -> — | H98: =(SUMIFS(Data!$T$5:$T$5004,Data!$B$5:$B$5004,$P$6,Data!$D$5:$D$5004,$P$7,Data!$C$5:$C$5004,$P$8,Data!$E$5:$E$5004,$P$9,Data!$F$5:$F$5004,$B98,Data!$G$5:$G$5004,$P$11)+ExOn*SUMIFS(مثال_Example!$T$5:$T$804,مثال_Example!$B$5:$B$804,$P$6,مثال_Example!$D$5:$D$804,$P$7,مثال_Example!$C$5:$C$804,$P$8,مثال_Example!$E$5:$E$804,$P$9,مثال_Example!$F$5:$F$804,$B98,مثال_Example!$G$5:$G$804,$P$11))+(SUMIFS(Data!$U$5:$U$5004,Data!$B$5:$B$5004,$P$6,Data!$D$5:$D$5004,$P$7,Data!$C$5:$C$5004,$P$8,Data!$E$5:$E$5004,$P$9,Data!$F$5:$F$5004,$B98,Data!$G$5:$G$5004,$P$11)+ExOn*SUMIFS(مثال_Example!$U$5:$U$804,مثال_Example!$B$5:$B$804,$P$6,مثال_Example!$D$5:$D$804,$P$7,مثال_Example!$C$5:$C$804,$P$8,مثال_Example!$E$5:$E$804,$P$9,مثال_Example!$F$5:$F$804,$B98,مثال_Example!$G$5:$G$804,$P$11))+(SUMIFS(Data!$V$5:$V$5004,Data!$B$5:$B$5004,$P$6,Data!$D$5:$D$5004,$P$7,Data!$C$5:$C$5004,$P$8,Data!$E$5:$E$5004,$P$9,Data!$F$5:$F$5004,$B98,Data!$G$5:$G$5004,$P$11)+ExOn*SUMIFS(مثال_Example!$V$5:$V$804,مثال_Example!$B$5:$B$804,$P$6,مثال_Example!$D$5:$D$804,$P$7,مثال_Example!$C$5:$C$804,$P$8,مثال_Example!$E$5:$E$804,$P$9,مثال_Example!$F$5:$F$804,$B98,مثال_Example!$G$5:$G$804,$P$11)) -> 0 | I98: =IF($H98=0,"—",(SUMIFS(Data!$T$5:$T$5004,Data!$B$5:$B$5004,$P$6,Data!$D$5:$D$5004,$P$7,Data!$C$5:$C$5004,$P$8,Data!$E$5:$E$5004,$P$9,Data!$F$5:$F$5004,$B98,Data!$G$5:$G$5004,$P$11)+ExOn*SUMIFS(مثال_Example!$T$5:$T$804,مثال_Example!$B$5:$B$804,$P$6,مثال_Example!$D$5:$D$804,$P$7,مثال_Example!$C$5:$C$804,$P$8,مثال_Example!$E$5:$E$804,$P$9,مثال_Example!$F$5:$F$804,$B98,مثال_Example!$G$5:$G$804,$P$11))/$H98) -> — | J98: =IF($H98=0,"—",(SUMIFS(Data!$U$5:$U$5004,Data!$B$5:$B$5004,$P$6,Data!$D$5:$D$5004,$P$7,Data!$C$5:$C$5004,$P$8,Data!$E$5:$E$5004,$P$9,Data!$F$5:$F$5004,$B98,Data!$G$5:$G$5004,$P$11)+ExOn*SUMIFS(مثال_Example!$U$5:$U$804,مثال_Example!$B$5:$B$804,$P$6,مثال_Example!$D$5:$D$804,$P$7,مثال_Example!$C$5:$C$804,$P$8,مثال_Example!$E$5:$E$804,$P$9,مثال_Example!$F$5:$F$804,$B98,مثال_Example!$G$5:$G$804,$P$11))/$H98) -> — | K98: =IF($H98=0,"—",(SUMIFS(Data!$V$5:$V$5004,Data!$B$5:$B$5004,$P$6,Data!$D$5:$D$5004,$P$7,Data!$C$5:$C$5004,$P$8,Data!$E$5:$E$5004,$P$9,Data!$F$5:$F$5004,$B98,Data!$G$5:$G$5004,$P$11)+ExOn*SUMIFS(مثال_Example!$V$5:$V$804,مثال_Example!$B$5:$B$804,$P$6,مثال_Example!$D$5:$D$804,$P$7,مثال_Example!$C$5:$C$804,$P$8,مثال_Example!$E$5:$E$804,$P$9,مثال_Example!$F$5:$F$804,$B98,مثال_Example!$G$5:$G$804,$P$11))/$H98) -> — | L98: =IF($H98=0,"—",((SUMIFS(Data!$U$5:$U$5004,Data!$B$5:$B$5004,$P$6,Data!$D$5:$D$5004,$P$7,Data!$C$5:$C$5004,$P$8,Data!$E$5:$E$5004,$P$9,Data!$F$5:$F$5004,$B98,Data!$G$5:$G$5004,$P$11)+ExOn*SUMIFS(مثال_Example!$U$5:$U$804,مثال_Example!$B$5:$B$804,$P$6,مثال_Example!$D$5:$D$804,$P$7,مثال_Example!$C$5:$C$804,$P$8,مثال_Example!$E$5:$E$804,$P$9,مثال_Example!$F$5:$F$804,$B98,مثال_Example!$G$5:$G$804,$P$11))+(SUMIFS(Data!$V$5:$V$5004,Data!$B$5:$B$5004,$P$6,Data!$D$5:$D$5004,$P$7,Data!$C$5:$C$5004,$P$8,Data!$E$5:$E$5004,$P$9,Data!$F$5:$F$5004,$B98,Data!$G$5:$G$5004,$P$11)+ExOn*SUMIFS(مثال_Example!$V$5:$V$804,مثال_Example!$B$5:$B$804,$P$6,مثال_Example!$D$5:$D$804,$P$7,مثال_Example!$C$5:$C$804,$P$8,مثال_Example!$E$5:$E$804,$P$9,مثال_Example!$F$5:$F$804,$B98,مثال_Example!$G$5:$G$804,$P$11)))/$H98) -> — | M98: =IF($C98=0,"لا توجد بيانات",IF(ROUND(IF(ISNUMBER(D98),D98,0),10)<=KeyA_VW,"Very Weak",IF(ROUND(IF(ISNUMBER(D98),D98,0),10)<KeyA_Weak,"Weak",IF(ROUND(IF(ISNUMBER(E98),E98,0),10)<KeyA_Acc,"Acceptable",IF(ROUND(IF(ISNUMBER(E98),E98,0),10)<=KeyA_Good,"Good",IF(ROUND(IF(ISNUMBER(E98),E98,0),10)<KeyA_Out,"Very Good","Outstanding")))))) -> لا توجد بيانات
B101: حسب البلوك | By Block (يتجاهل فلتر البلوك)
B102: البلوك (Block) | C102: طلاب بنتائج | D102: At & Above عدد | E102: At & Above % | F102: Above عدد | G102: Above % | H102: حكم التحصيل | I102: حالات تقدم | J102: Less عدد | K102: Expected عدد | L102: Better عدد | M102: Expected&Better %
B103: =IF(IFERROR(INDEX(Lists!$K$2:$R$13,MATCH($D$7,Lists!$J$2:$J$13,0),1),"")="","",INDEX(Lists!$K$2:$R$13,MATCH($D$7,Lists!$J$2:$J$13,0),1)) -> ah | C103: =IF($B103="","",(SUMIFS(Data!$Q$5:$Q$5004,Data!$B$5:$B$5004,$P$6,Data!$D$5:$D$5004,$P$7,Data!$C$5:$C$5004,$P$8,Data!$E$5:$E$5004,$B103,Data!$F$5:$F$5004,$P$10,Data!$G$5:$G$5004,$P$11)+ExOn*SUMIFS(مثال_Example!$Q$5:$Q$804,مثال_Example!$B$5:$B$804,$P$6,مثال_Example!$D$5:$D$804,$P$7,مثال_Example!$C$5:$C$804,$P$8,مثال_Example!$E$5:$E$804,$B103,مثال_Example!$F$5:$F$804,$P$10,مثال_Example!$G$5:$G$804,$P$11))) -> 0 | D103: =IF($B103="","",(SUMIFS(Data!$R$5:$R$5004,Data!$B$5:$B$5004,$P$6,Data!$D$5:$D$5004,$P$7,Data!$C$5:$C$5004,$P$8,Data!$E$5:$E$5004,$B103,Data!$F$5:$F$5004,$P$10,Data!$G$5:$G$5004,$P$11)+ExOn*SUMIFS(مثال_Example!$R$5:$R$804,مثال_Example!$B$5:$B$804,$P$6,مثال_Example!$D$5:$D$804,$P$7,مثال_Example!$C$5:$C$804,$P$8,مثال_Example!$E$5:$E$804,$B103,مثال_Example!$F$5:$F$804,$P$10,مثال_Example!$G$5:$G$804,$P$11))) -> 0 | E103: =IF($B103="","",IF($C103=0,"—",D103/$C103)) -> — | F103: =IF($B103="","",(SUMIFS(Data!$S$5:$S$5004,Data!$B$5:$B$5004,$P$6,Data!$D$5:$D$5004,$P$7,Data!$C$5:$C$5004,$P$8,Data!$E$5:$E$5004,$B103,Data!$F$5:$F$5004,$P$10,Data!$G$5:$G$5004,$P$11)+ExOn*SUMIFS(مثال_Example!$S$5:$S$804,مثال_Example!$B$5:$B$804,$P$6,مثال_Example!$D$5:$D$804,$P$7,مثال_Example!$C$5:$C$804,$P$8,مثال_Example!$E$5:$E$804,$B103,مثال_Example!$F$5:$F$804,$P$10,مثال_Example!$G$5:$G$804,$P$11))) -> 0 | G103: =IF($B103="","",IF($C103=0,"—",F103/$C103)) -> — | H103: =IF($B103="","",IF($C103=0,"لا توجد بيانات",IF(ROUND(D103/C103,10)<=KeyA_VW,"Very Weak",IF(ROUND(D103/C103,10)<KeyA_Weak,"Weak",IF(ROUND(F103/C103,10)<KeyA_Acc,"Acceptable",IF(ROUND(F103/C103,10)<=KeyA_Good,"Good",IF(ROUND(F103/C103,10)<KeyA_Out,"Very Good","Outstanding"))))))) -> لا توجد بيانات | I103: =IF($B103="","",J103+K103+L103) -> 0 | J103: =IF($B103="","",(SUMIFS(Data!$T$5:$T$5004,Data!$B$5:$B$5004,$P$6,Data!$D$5:$D$5004,$P$7,Data!$C$5:$C$5004,$P$8,Data!$E$5:$E$5004,$B103,Data!$F$5:$F$5004,$P$10,Data!$G$5:$G$5004,$P$11)+ExOn*SUMIFS(مثال_Example!$T$5:$T$804,مثال_Example!$B$5:$B$804,$P$6,مثال_Example!$D$5:$D$804,$P$7,مثال_Example!$C$5:$C$804,$P$8,مثال_Example!$E$5:$E$804,$B103,مثال_Example!$F$5:$F$804,$P$10,مثال_Example!$G$5:$G$804,$P$11))) -> 0 | K103: =IF($B103="","",(SUMIFS(Data!$U$5:$U$5004,Data!$B$5:$B$5004,$P$6,Data!$D$5:$D$5004,$P$7,Data!$C$5:$C$5004,$P$8,Data!$E$5:$E$5004,$B103,Data!$F$5:$F$5004,$P$10,Data!$G$5:$G$5004,$P$11)+ExOn*SUMIFS(مثال_Example!$U$5:$U$804,مثال_Example!$B$5:$B$804,$P$6,مثال_Example!$D$5:$D$804,$P$7,مثال_Example!$C$5:$C$804,$P$8,مثال_Example!$E$5:$E$804,$B103,مثال_Example!$F$5:$F$804,$P$10,مثال_Example!$G$5:$G$804,$P$11))) -> 0 | L103: =IF($B103="","",(SUMIFS(Data!$V$5:$V$5004,Data!$B$5:$B$5004,$P$6,Data!$D$5:$D$5004,$P$7,Data!$C$5:$C$5004,$P$8,Data!$E$5:$E$5004,$B103,Data!$F$5:$F$5004,$P$10,Data!$G$5:$G$5004,$P$11)+ExOn*SUMIFS(مثال_Example!$V$5:$V$804,مثال_Example!$B$5:$B$804,$P$6,مثال_Example!$D$5:$D$804,$P$7,مثال_Example!$C$5:$C$804,$P$8,مثال_Example!$E$5:$E$804,$B103,مثال_Example!$F$5:$F$804,$P$10,مثال_Example!$G$5:$G$804,$P$11))) -> 0 | M103: =IF($B103="","",IF(I103=0,"—",(K103+L103)/I103)) -> —
B104: =IF(IFERROR(INDEX(Lists!$K$2:$R$13,MATCH($D$7,Lists!$J$2:$J$13,0),2),"")="","",INDEX(Lists!$K$2:$R$13,MATCH($D$7,Lists!$J$2:$J$13,0),2)) -> ip | C104: =IF($B104="","",(SUMIFS(Data!$Q$5:$Q$5004,Data!$B$5:$B$5004,$P$6,Data!$D$5:$D$5004,$P$7,Data!$C$5:$C$5004,$P$8,Data!$E$5:$E$5004,$B104,Data!$F$5:$F$5004,$P$10,Data!$G$5:$G$5004,$P$11)+ExOn*SUMIFS(مثال_Example!$Q$5:$Q$804,مثال_Example!$B$5:$B$804,$P$6,مثال_Example!$D$5:$D$804,$P$7,مثال_Example!$C$5:$C$804,$P$8,مثال_Example!$E$5:$E$804,$B104,مثال_Example!$F$5:$F$804,$P$10,مثال_Example!$G$5:$G$804,$P$11))) -> 0 | D104: =IF($B104="","",(SUMIFS(Data!$R$5:$R$5004,Data!$B$5:$B$5004,$P$6,Data!$D$5:$D$5004,$P$7,Data!$C$5:$C$5004,$P$8,Data!$E$5:$E$5004,$B104,Data!$F$5:$F$5004,$P$10,Data!$G$5:$G$5004,$P$11)+ExOn*SUMIFS(مثال_Example!$R$5:$R$804,مثال_Example!$B$5:$B$804,$P$6,مثال_Example!$D$5:$D$804,$P$7,مثال_Example!$C$5:$C$804,$P$8,مثال_Example!$E$5:$E$804,$B104,مثال_Example!$F$5:$F$804,$P$10,مثال_Example!$G$5:$G$804,$P$11))) -> 0 | E104: =IF($B104="","",IF($C104=0,"—",D104/$C104)) -> — | F104: =IF($B104="","",(SUMIFS(Data!$S$5:$S$5004,Data!$B$5:$B$5004,$P$6,Data!$D$5:$D$5004,$P$7,Data!$C$5:$C$5004,$P$8,Data!$E$5:$E$5004,$B104,Data!$F$5:$F$5004,$P$10,Data!$G$5:$G$5004,$P$11)+ExOn*SUMIFS(مثال_Example!$S$5:$S$804,مثال_Example!$B$5:$B$804,$P$6,مثال_Example!$D$5:$D$804,$P$7,مثال_Example!$C$5:$C$804,$P$8,مثال_Example!$E$5:$E$804,$B104,مثال_Example!$F$5:$F$804,$P$10,مثال_Example!$G$5:$G$804,$P$11))) -> 0 | G104: =IF($B104="","",IF($C104=0,"—",F104/$C104)) -> — | H104: =IF($B104="","",IF($C104=0,"لا توجد بيانات",IF(ROUND(D104/C104,10)<=KeyA_VW,"Very Weak",IF(ROUND(D104/C104,10)<KeyA_Weak,"Weak",IF(ROUND(F104/C104,10)<KeyA_Acc,"Acceptable",IF(ROUND(F104/C104,10)<=KeyA_Good,"Good",IF(ROUND(F104/C104,10)<KeyA_Out,"Very Good","Outstanding"))))))) -> لا توجد بيانات | I104: =IF($B104="","",J104+K104+L104) -> 0 | J104: =IF($B104="","",(SUMIFS(Data!$T$5:$T$5004,Data!$B$5:$B$5004,$P$6,Data!$D$5:$D$5004,$P$7,Data!$C$5:$C$5004,$P$8,Data!$E$5:$E$5004,$B104,Data!$F$5:$F$5004,$P$10,Data!$G$5:$G$5004,$P$11)+ExOn*SUMIFS(مثال_Example!$T$5:$T$804,مثال_Example!$B$5:$B$804,$P$6,مثال_Example!$D$5:$D$804,$P$7,مثال_Example!$C$5:$C$804,$P$8,مثال_Example!$E$5:$E$804,$B104,مثال_Example!$F$5:$F$804,$P$10,مثال_Example!$G$5:$G$804,$P$11))) -> 0 | K104: =IF($B104="","",(SUMIFS(Data!$U$5:$U$5004,Data!$B$5:$B$5004,$P$6,Data!$D$5:$D$5004,$P$7,Data!$C$5:$C$5004,$P$8,Data!$E$5:$E$5004,$B104,Data!$F$5:$F$5004,$P$10,Data!$G$5:$G$5004,$P$11)+ExOn*SUMIFS(مثال_Example!$U$5:$U$804,مثال_Example!$B$5:$B$804,$P$6,مثال_Example!$D$5:$D$804,$P$7,مثال_Example!$C$5:$C$804,$P$8,مثال_Example!$E$5:$E$804,$B104,مثال_Example!$F$5:$F$804,$P$10,مثال_Example!$G$5:$G$804,$P$11))) -> 0 | L104: =IF($B104="","",(SUMIFS(Data!$V$5:$V$5004,Data!$B$5:$B$5004,$P$6,Data!$D$5:$D$5004,$P$7,Data!$C$5:$C$5004,$P$8,Data!$E$5:$E$5004,$B104,Data!$F$5:$F$5004,$P$10,Data!$G$5:$G$5004,$P$11)+ExOn*SUMIFS(مثال_Example!$V$5:$V$804,مثال_Example!$B$5:$B$804,$P$6,مثال_Example!$D$5:$D$804,$P$7,مثال_Example!$C$5:$C$804,$P$8,مثال_Example!$E$5:$E$804,$B104,مثال_Example!$F$5:$F$804,$P$10,مثال_Example!$G$5:$G$804,$P$11))) -> 0 | M104: =IF($B104="","",IF(I104=0,"—",(K104+L104)/I104)) -> —
B105: =IF(IFERROR(INDEX(Lists!$K$2:$R$13,MATCH($D$7,Lists!$J$2:$J$13,0),3),"")="","",INDEX(Lists!$K$2:$R$13,MATCH($D$7,Lists!$J$2:$J$13,0),3)) | C105: =IF($B105="","",(SUMIFS(Data!$Q$5:$Q$5004,Data!$B$5:$B$5004,$P$6,Data!$D$5:$D$5004,$P$7,Data!$C$5:$C$5004,$P$8,Data!$E$5:$E$5004,$B105,Data!$F$5:$F$5004,$P$10,Data!$G$5:$G$5004,$P$11)+ExOn*SUMIFS(مثال_Example!$Q$5:$Q$804,مثال_Example!$B$5:$B$804,$P$6,مثال_Example!$D$5:$D$804,$P$7,مثال_Example!$C$5:$C$804,$P$8,مثال_Example!$E$5:$E$804,$B105,مثال_Example!$F$5:$F$804,$P$10,مثال_Example!$G$5:$G$804,$P$11))) | D105: =IF($B105="","",(SUMIFS(Data!$R$5:$R$5004,Data!$B$5:$B$5004,$P$6,Data!$D$5:$D$5004,$P$7,Data!$C$5:$C$5004,$P$8,Data!$E$5:$E$5004,$B105,Data!$F$5:$F$5004,$P$10,Data!$G$5:$G$5004,$P$11)+ExOn*SUMIFS(مثال_Example!$R$5:$R$804,مثال_Example!$B$5:$B$804,$P$6,مثال_Example!$D$5:$D$804,$P$7,مثال_Example!$C$5:$C$804,$P$8,مثال_Example!$E$5:$E$804,$B105,مثال_Example!$F$5:$F$804,$P$10,مثال_Example!$G$5:$G$804,$P$11))) | E105: =IF($B105="","",IF($C105=0,"—",D105/$C105)) | F105: =IF($B105="","",(SUMIFS(Data!$S$5:$S$5004,Data!$B$5:$B$5004,$P$6,Data!$D$5:$D$5004,$P$7,Data!$C$5:$C$5004,$P$8,Data!$E$5:$E$5004,$B105,Data!$F$5:$F$5004,$P$10,Data!$G$5:$G$5004,$P$11)+ExOn*SUMIFS(مثال_Example!$S$5:$S$804,مثال_Example!$B$5:$B$804,$P$6,مثال_Example!$D$5:$D$804,$P$7,مثال_Example!$C$5:$C$804,$P$8,مثال_Example!$E$5:$E$804,$B105,مثال_Example!$F$5:$F$804,$P$10,مثال_Example!$G$5:$G$804,$P$11))) | G105: =IF($B105="","",IF($C105=0,"—",F105/$C105)) | H105: =IF($B105="","",IF($C105=0,"لا توجد بيانات",IF(ROUND(D105/C105,10)<=KeyA_VW,"Very Weak",IF(ROUND(D105/C105,10)<KeyA_Weak,"Weak",IF(ROUND(F105/C105,10)<KeyA_Acc,"Acceptable",IF(ROUND(F105/C105,10)<=KeyA_Good,"Good",IF(ROUND(F105/C105,10)<KeyA_Out,"Very Good","Outstanding"))))))) | I105: =IF($B105="","",J105+K105+L105) | J105: =IF($B105="","",(SUMIFS(Data!$T$5:$T$5004,Data!$B$5:$B$5004,$P$6,Data!$D$5:$D$5004,$P$7,Data!$C$5:$C$5004,$P$8,Data!$E$5:$E$5004,$B105,Data!$F$5:$F$5004,$P$10,Data!$G$5:$G$5004,$P$11)+ExOn*SUMIFS(مثال_Example!$T$5:$T$804,مثال_Example!$B$5:$B$804,$P$6,مثال_Example!$D$5:$D$804,$P$7,مثال_Example!$C$5:$C$804,$P$8,مثال_Example!$E$5:$E$804,$B105,مثال_Example!$F$5:$F$804,$P$10,مثال_Example!$G$5:$G$804,$P$11))) | K105: =IF($B105="","",(SUMIFS(Data!$U$5:$U$5004,Data!$B$5:$B$5004,$P$6,Data!$D$5:$D$5004,$P$7,Data!$C$5:$C$5004,$P$8,Data!$E$5:$E$5004,$B105,Data!$F$5:$F$5004,$P$10,Data!$G$5:$G$5004,$P$11)+ExOn*SUMIFS(مثال_Example!$U$5:$U$804,مثال_Example!$B$5:$B$804,$P$6,مثال_Example!$D$5:$D$804,$P$7,مثال_Example!$C$5:$C$804,$P$8,مثال_Example!$E$5:$E$804,$B105,مثال_Example!$F$5:$F$804,$P$10,مثال_Example!$G$5:$G$804,$P$11))) | L105: =IF($B105="","",(SUMIFS(Data!$V$5:$V$5004,Data!$B$5:$B$5004,$P$6,Data!$D$5:$D$5004,$P$7,Data!$C$5:$C$5004,$P$8,Data!$E$5:$E$5004,$B105,Data!$F$5:$F$5004,$P$10,Data!$G$5:$G$5004,$P$11)+ExOn*SUMIFS(مثال_Example!$V$5:$V$804,مثال_Example!$B$5:$B$804,$P$6,مثال_Example!$D$5:$D$804,$P$7,مثال_Example!$C$5:$C$804,$P$8,مثال_Example!$E$5:$E$804,$B105,مثال_Example!$F$5:$F$804,$P$10,مثال_Example!$G$5:$G$804,$P$11))) | M105: =IF($B105="","",IF(I105=0,"—",(K105+L105)/I105))
B106: =IF(IFERROR(INDEX(Lists!$K$2:$R$13,MATCH($D$7,Lists!$J$2:$J$13,0),4),"")="","",INDEX(Lists!$K$2:$R$13,MATCH($D$7,Lists!$J$2:$J$13,0),4)) | C106: =IF($B106="","",(SUMIFS(Data!$Q$5:$Q$5004,Data!$B$5:$B$5004,$P$6,Data!$D$5:$D$5004,$P$7,Data!$C$5:$C$5004,$P$8,Data!$E$5:$E$5004,$B106,Data!$F$5:$F$5004,$P$10,Data!$G$5:$G$5004,$P$11)+ExOn*SUMIFS(مثال_Example!$Q$5:$Q$804,مثال_Example!$B$5:$B$804,$P$6,مثال_Example!$D$5:$D$804,$P$7,مثال_Example!$C$5:$C$804,$P$8,مثال_Example!$E$5:$E$804,$B106,مثال_Example!$F$5:$F$804,$P$10,مثال_Example!$G$5:$G$804,$P$11))) | D106: =IF($B106="","",(SUMIFS(Data!$R$5:$R$5004,Data!$B$5:$B$5004,$P$6,Data!$D$5:$D$5004,$P$7,Data!$C$5:$C$5004,$P$8,Data!$E$5:$E$5004,$B106,Data!$F$5:$F$5004,$P$10,Data!$G$5:$G$5004,$P$11)+ExOn*SUMIFS(مثال_Example!$R$5:$R$804,مثال_Example!$B$5:$B$804,$P$6,مثال_Example!$D$5:$D$804,$P$7,مثال_Example!$C$5:$C$804,$P$8,مثال_Example!$E$5:$E$804,$B106,مثال_Example!$F$5:$F$804,$P$10,مثال_Example!$G$5:$G$804,$P$11))) | E106: =IF($B106="","",IF($C106=0,"—",D106/$C106)) | F106: =IF($B106="","",(SUMIFS(Data!$S$5:$S$5004,Data!$B$5:$B$5004,$P$6,Data!$D$5:$D$5004,$P$7,Data!$C$5:$C$5004,$P$8,Data!$E$5:$E$5004,$B106,Data!$F$5:$F$5004,$P$10,Data!$G$5:$G$5004,$P$11)+ExOn*SUMIFS(مثال_Example!$S$5:$S$804,مثال_Example!$B$5:$B$804,$P$6,مثال_Example!$D$5:$D$804,$P$7,مثال_Example!$C$5:$C$804,$P$8,مثال_Example!$E$5:$E$804,$B106,مثال_Example!$F$5:$F$804,$P$10,مثال_Example!$G$5:$G$804,$P$11))) | G106: =IF($B106="","",IF($C106=0,"—",F106/$C106)) | H106: =IF($B106="","",IF($C106=0,"لا توجد بيانات",IF(ROUND(D106/C106,10)<=KeyA_VW,"Very Weak",IF(ROUND(D106/C106,10)<KeyA_Weak,"Weak",IF(ROUND(F106/C106,10)<KeyA_Acc,"Acceptable",IF(ROUND(F106/C106,10)<=KeyA_Good,"Good",IF(ROUND(F106/C106,10)<KeyA_Out,"Very Good","Outstanding"))))))) | I106: =IF($B106="","",J106+K106+L106) | J106: =IF($B106="","",(SUMIFS(Data!$T$5:$T$5004,Data!$B$5:$B$5004,$P$6,Data!$D$5:$D$5004,$P$7,Data!$C$5:$C$5004,$P$8,Data!$E$5:$E$5004,$B106,Data!$F$5:$F$5004,$P$10,Data!$G$5:$G$5004,$P$11)+ExOn*SUMIFS(مثال_Example!$T$5:$T$804,مثال_Example!$B$5:$B$804,$P$6,مثال_Example!$D$5:$D$804,$P$7,مثال_Example!$C$5:$C$804,$P$8,مثال_Example!$E$5:$E$804,$B106,مثال_Example!$F$5:$F$804,$P$10,مثال_Example!$G$5:$G$804,$P$11))) | K106: =IF($B106="","",(SUMIFS(Data!$U$5:$U$5004,Data!$B$5:$B$5004,$P$6,Data!$D$5:$D$5004,$P$7,Data!$C$5:$C$5004,$P$8,Data!$E$5:$E$5004,$B106,Data!$F$5:$F$5004,$P$10,Data!$G$5:$G$5004,$P$11)+ExOn*SUMIFS(مثال_Example!$U$5:$U$804,مثال_Example!$B$5:$B$804,$P$6,مثال_Example!$D$5:$D$804,$P$7,مثال_Example!$C$5:$C$804,$P$8,مثال_Example!$E$5:$E$804,$B106,مثال_Example!$F$5:$F$804,$P$10,مثال_Example!$G$5:$G$804,$P$11))) | L106: =IF($B106="","",(SUMIFS(Data!$V$5:$V$5004,Data!$B$5:$B$5004,$P$6,Data!$D$5:$D$5004,$P$7,Data!$C$5:$C$5004,$P$8,Data!$E$5:$E$5004,$B106,Data!$F$5:$F$5004,$P$10,Data!$G$5:$G$5004,$P$11)+ExOn*SUMIFS(مثال_Example!$V$5:$V$804,مثال_Example!$B$5:$B$804,$P$6,مثال_Example!$D$5:$D$804,$P$7,مثال_Example!$C$5:$C$804,$P$8,مثال_Example!$E$5:$E$804,$B106,مثال_Example!$F$5:$F$804,$P$10,مثال_Example!$G$5:$G$804,$P$11))) | M106: =IF($B106="","",IF(I106=0,"—",(K106+L106)/I106))
B107: =IF(IFERROR(INDEX(Lists!$K$2:$R$13,MATCH($D$7,Lists!$J$2:$J$13,0),5),"")="","",INDEX(Lists!$K$2:$R$13,MATCH($D$7,Lists!$J$2:$J$13,0),5)) | C107: =IF($B107="","",(SUMIFS(Data!$Q$5:$Q$5004,Data!$B$5:$B$5004,$P$6,Data!$D$5:$D$5004,$P$7,Data!$C$5:$C$5004,$P$8,Data!$E$5:$E$5004,$B107,Data!$F$5:$F$5004,$P$10,Data!$G$5:$G$5004,$P$11)+ExOn*SUMIFS(مثال_Example!$Q$5:$Q$804,مثال_Example!$B$5:$B$804,$P$6,مثال_Example!$D$5:$D$804,$P$7,مثال_Example!$C$5:$C$804,$P$8,مثال_Example!$E$5:$E$804,$B107,مثال_Example!$F$5:$F$804,$P$10,مثال_Example!$G$5:$G$804,$P$11))) | D107: =IF($B107="","",(SUMIFS(Data!$R$5:$R$5004,Data!$B$5:$B$5004,$P$6,Data!$D$5:$D$5004,$P$7,Data!$C$5:$C$5004,$P$8,Data!$E$5:$E$5004,$B107,Data!$F$5:$F$5004,$P$10,Data!$G$5:$G$5004,$P$11)+ExOn*SUMIFS(مثال_Example!$R$5:$R$804,مثال_Example!$B$5:$B$804,$P$6,مثال_Example!$D$5:$D$804,$P$7,مثال_Example!$C$5:$C$804,$P$8,مثال_Example!$E$5:$E$804,$B107,مثال_Example!$F$5:$F$804,$P$10,مثال_Example!$G$5:$G$804,$P$11))) | E107: =IF($B107="","",IF($C107=0,"—",D107/$C107)) | F107: =IF($B107="","",(SUMIFS(Data!$S$5:$S$5004,Data!$B$5:$B$5004,$P$6,Data!$D$5:$D$5004,$P$7,Data!$C$5:$C$5004,$P$8,Data!$E$5:$E$5004,$B107,Data!$F$5:$F$5004,$P$10,Data!$G$5:$G$5004,$P$11)+ExOn*SUMIFS(مثال_Example!$S$5:$S$804,مثال_Example!$B$5:$B$804,$P$6,مثال_Example!$D$5:$D$804,$P$7,مثال_Example!$C$5:$C$804,$P$8,مثال_Example!$E$5:$E$804,$B107,مثال_Example!$F$5:$F$804,$P$10,مثال_Example!$G$5:$G$804,$P$11))) | G107: =IF($B107="","",IF($C107=0,"—",F107/$C107)) | H107: =IF($B107="","",IF($C107=0,"لا توجد بيانات",IF(ROUND(D107/C107,10)<=KeyA_VW,"Very Weak",IF(ROUND(D107/C107,10)<KeyA_Weak,"Weak",IF(ROUND(F107/C107,10)<KeyA_Acc,"Acceptable",IF(ROUND(F107/C107,10)<=KeyA_Good,"Good",IF(ROUND(F107/C107,10)<KeyA_Out,"Very Good","Outstanding"))))))) | I107: =IF($B107="","",J107+K107+L107) | J107: =IF($B107="","",(SUMIFS(Data!$T$5:$T$5004,Data!$B$5:$B$5004,$P$6,Data!$D$5:$D$5004,$P$7,Data!$C$5:$C$5004,$P$8,Data!$E$5:$E$5004,$B107,Data!$F$5:$F$5004,$P$10,Data!$G$5:$G$5004,$P$11)+ExOn*SUMIFS(مثال_Example!$T$5:$T$804,مثال_Example!$B$5:$B$804,$P$6,مثال_Example!$D$5:$D$804,$P$7,مثال_Example!$C$5:$C$804,$P$8,مثال_Example!$E$5:$E$804,$B107,مثال_Example!$F$5:$F$804,$P$10,مثال_Example!$G$5:$G$804,$P$11))) | K107: =IF($B107="","",(SUMIFS(Data!$U$5:$U$5004,Data!$B$5:$B$5004,$P$6,Data!$D$5:$D$5004,$P$7,Data!$C$5:$C$5004,$P$8,Data!$E$5:$E$5004,$B107,Data!$F$5:$F$5004,$P$10,Data!$G$5:$G$5004,$P$11)+ExOn*SUMIFS(مثال_Example!$U$5:$U$804,مثال_Example!$B$5:$B$804,$P$6,مثال_Example!$D$5:$D$804,$P$7,مثال_Example!$C$5:$C$804,$P$8,مثال_Example!$E$5:$E$804,$B107,مثال_Example!$F$5:$F$804,$P$10,مثال_Example!$G$5:$G$804,$P$11))) | L107: =IF($B107="","",(SUMIFS(Data!$V$5:$V$5004,Data!$B$5:$B$5004,$P$6,Data!$D$5:$D$5004,$P$7,Data!$C$5:$C$5004,$P$8,Data!$E$5:$E$5004,$B107,Data!$F$5:$F$5004,$P$10,Data!$G$5:$G$5004,$P$11)+ExOn*SUMIFS(مثال_Example!$V$5:$V$804,مثال_Example!$B$5:$B$804,$P$6,مثال_Example!$D$5:$D$804,$P$7,مثال_Example!$C$5:$C$804,$P$8,مثال_Example!$E$5:$E$804,$B107,مثال_Example!$F$5:$F$804,$P$10,مثال_Example!$G$5:$G$804,$P$11))) | M107: =IF($B107="","",IF(I107=0,"—",(K107+L107)/I107))
B108: =IF(IFERROR(INDEX(Lists!$K$2:$R$13,MATCH($D$7,Lists!$J$2:$J$13,0),6),"")="","",INDEX(Lists!$K$2:$R$13,MATCH($D$7,Lists!$J$2:$J$13,0),6)) | C108: =IF($B108="","",(SUMIFS(Data!$Q$5:$Q$5004,Data!$B$5:$B$5004,$P$6,Data!$D$5:$D$5004,$P$7,Data!$C$5:$C$5004,$P$8,Data!$E$5:$E$5004,$B108,Data!$F$5:$F$5004,$P$10,Data!$G$5:$G$5004,$P$11)+ExOn*SUMIFS(مثال_Example!$Q$5:$Q$804,مثال_Example!$B$5:$B$804,$P$6,مثال_Example!$D$5:$D$804,$P$7,مثال_Example!$C$5:$C$804,$P$8,مثال_Example!$E$5:$E$804,$B108,مثال_Example!$F$5:$F$804,$P$10,مثال_Example!$G$5:$G$804,$P$11))) | D108: =IF($B108="","",(SUMIFS(Data!$R$5:$R$5004,Data!$B$5:$B$5004,$P$6,Data!$D$5:$D$5004,$P$7,Data!$C$5:$C$5004,$P$8,Data!$E$5:$E$5004,$B108,Data!$F$5:$F$5004,$P$10,Data!$G$5:$G$5004,$P$11)+ExOn*SUMIFS(مثال_Example!$R$5:$R$804,مثال_Example!$B$5:$B$804,$P$6,مثال_Example!$D$5:$D$804,$P$7,مثال_Example!$C$5:$C$804,$P$8,مثال_Example!$E$5:$E$804,$B108,مثال_Example!$F$5:$F$804,$P$10,مثال_Example!$G$5:$G$804,$P$11))) | E108: =IF($B108="","",IF($C108=0,"—",D108/$C108)) | F108: =IF($B108="","",(SUMIFS(Data!$S$5:$S$5004,Data!$B$5:$B$5004,$P$6,Data!$D$5:$D$5004,$P$7,Data!$C$5:$C$5004,$P$8,Data!$E$5:$E$5004,$B108,Data!$F$5:$F$5004,$P$10,Data!$G$5:$G$5004,$P$11)+ExOn*SUMIFS(مثال_Example!$S$5:$S$804,مثال_Example!$B$5:$B$804,$P$6,مثال_Example!$D$5:$D$804,$P$7,مثال_Example!$C$5:$C$804,$P$8,مثال_Example!$E$5:$E$804,$B108,مثال_Example!$F$5:$F$804,$P$10,مثال_Example!$G$5:$G$804,$P$11))) | G108: =IF($B108="","",IF($C108=0,"—",F108/$C108)) | H108: =IF($B108="","",IF($C108=0,"لا توجد بيانات",IF(ROUND(D108/C108,10)<=KeyA_VW,"Very Weak",IF(ROUND(D108/C108,10)<KeyA_Weak,"Weak",IF(ROUND(F108/C108,10)<KeyA_Acc,"Acceptable",IF(ROUND(F108/C108,10)<=KeyA_Good,"Good",IF(ROUND(F108/C108,10)<KeyA_Out,"Very Good","Outstanding"))))))) | I108: =IF($B108="","",J108+K108+L108) | J108: =IF($B108="","",(SUMIFS(Data!$T$5:$T$5004,Data!$B$5:$B$5004,$P$6,Data!$D$5:$D$5004,$P$7,Data!$C$5:$C$5004,$P$8,Data!$E$5:$E$5004,$B108,Data!$F$5:$F$5004,$P$10,Data!$G$5:$G$5004,$P$11)+ExOn*SUMIFS(مثال_Example!$T$5:$T$804,مثال_Example!$B$5:$B$804,$P$6,مثال_Example!$D$5:$D$804,$P$7,مثال_Example!$C$5:$C$804,$P$8,مثال_Example!$E$5:$E$804,$B108,مثال_Example!$F$5:$F$804,$P$10,مثال_Example!$G$5:$G$804,$P$11))) | K108: =IF($B108="","",(SUMIFS(Data!$U$5:$U$5004,Data!$B$5:$B$5004,$P$6,Data!$D$5:$D$5004,$P$7,Data!$C$5:$C$5004,$P$8,Data!$E$5:$E$5004,$B108,Data!$F$5:$F$5004,$P$10,Data!$G$5:$G$5004,$P$11)+ExOn*SUMIFS(مثال_Example!$U$5:$U$804,مثال_Example!$B$5:$B$804,$P$6,مثال_Example!$D$5:$D$804,$P$7,مثال_Example!$C$5:$C$804,$P$8,مثال_Example!$E$5:$E$804,$B108,مثال_Example!$F$5:$F$804,$P$10,مثال_Example!$G$5:$G$804,$P$11))) | L108: =IF($B108="","",(SUMIFS(Data!$V$5:$V$5004,Data!$B$5:$B$5004,$P$6,Data!$D$5:$D$5004,$P$7,Data!$C$5:$C$5004,$P$8,Data!$E$5:$E$5004,$B108,Data!$F$5:$F$5004,$P$10,Data!$G$5:$G$5004,$P$11)+ExOn*SUMIFS(مثال_Example!$V$5:$V$804,مثال_Example!$B$5:$B$804,$P$6,مثال_Example!$D$5:$D$804,$P$7,مثال_Example!$C$5:$C$804,$P$8,مثال_Example!$E$5:$E$804,$B108,مثال_Example!$F$5:$F$804,$P$10,مثال_Example!$G$5:$G$804,$P$11))) | M108: =IF($B108="","",IF(I108=0,"—",(K108+L108)/I108))
B109: =IF(IFERROR(INDEX(Lists!$K$2:$R$13,MATCH($D$7,Lists!$J$2:$J$13,0),7),"")="","",INDEX(Lists!$K$2:$R$13,MATCH($D$7,Lists!$J$2:$J$13,0),7)) | C109: =IF($B109="","",(SUMIFS(Data!$Q$5:$Q$5004,Data!$B$5:$B$5004,$P$6,Data!$D$5:$D$5004,$P$7,Data!$C$5:$C$5004,$P$8,Data!$E$5:$E$5004,$B109,Data!$F$5:$F$5004,$P$10,Data!$G$5:$G$5004,$P$11)+ExOn*SUMIFS(مثال_Example!$Q$5:$Q$804,مثال_Example!$B$5:$B$804,$P$6,مثال_Example!$D$5:$D$804,$P$7,مثال_Example!$C$5:$C$804,$P$8,مثال_Example!$E$5:$E$804,$B109,مثال_Example!$F$5:$F$804,$P$10,مثال_Example!$G$5:$G$804,$P$11))) | D109: =IF($B109="","",(SUMIFS(Data!$R$5:$R$5004,Data!$B$5:$B$5004,$P$6,Data!$D$5:$D$5004,$P$7,Data!$C$5:$C$5004,$P$8,Data!$E$5:$E$5004,$B109,Data!$F$5:$F$5004,$P$10,Data!$G$5:$G$5004,$P$11)+ExOn*SUMIFS(مثال_Example!$R$5:$R$804,مثال_Example!$B$5:$B$804,$P$6,مثال_Example!$D$5:$D$804,$P$7,مثال_Example!$C$5:$C$804,$P$8,مثال_Example!$E$5:$E$804,$B109,مثال_Example!$F$5:$F$804,$P$10,مثال_Example!$G$5:$G$804,$P$11))) | E109: =IF($B109="","",IF($C109=0,"—",D109/$C109)) | F109: =IF($B109="","",(SUMIFS(Data!$S$5:$S$5004,Data!$B$5:$B$5004,$P$6,Data!$D$5:$D$5004,$P$7,Data!$C$5:$C$5004,$P$8,Data!$E$5:$E$5004,$B109,Data!$F$5:$F$5004,$P$10,Data!$G$5:$G$5004,$P$11)+ExOn*SUMIFS(مثال_Example!$S$5:$S$804,مثال_Example!$B$5:$B$804,$P$6,مثال_Example!$D$5:$D$804,$P$7,مثال_Example!$C$5:$C$804,$P$8,مثال_Example!$E$5:$E$804,$B109,مثال_Example!$F$5:$F$804,$P$10,مثال_Example!$G$5:$G$804,$P$11))) | G109: =IF($B109="","",IF($C109=0,"—",F109/$C109)) | H109: =IF($B109="","",IF($C109=0,"لا توجد بيانات",IF(ROUND(D109/C109,10)<=KeyA_VW,"Very Weak",IF(ROUND(D109/C109,10)<KeyA_Weak,"Weak",IF(ROUND(F109/C109,10)<KeyA_Acc,"Acceptable",IF(ROUND(F109/C109,10)<=KeyA_Good,"Good",IF(ROUND(F109/C109,10)<KeyA_Out,"Very Good","Outstanding"))))))) | I109: =IF($B109="","",J109+K109+L109) | J109: =IF($B109="","",(SUMIFS(Data!$T$5:$T$5004,Data!$B$5:$B$5004,$P$6,Data!$D$5:$D$5004,$P$7,Data!$C$5:$C$5004,$P$8,Data!$E$5:$E$5004,$B109,Data!$F$5:$F$5004,$P$10,Data!$G$5:$G$5004,$P$11)+ExOn*SUMIFS(مثال_Example!$T$5:$T$804,مثال_Example!$B$5:$B$804,$P$6,مثال_Example!$D$5:$D$804,$P$7,مثال_Example!$C$5:$C$804,$P$8,مثال_Example!$E$5:$E$804,$B109,مثال_Example!$F$5:$F$804,$P$10,مثال_Example!$G$5:$G$804,$P$11))) | K109: =IF($B109="","",(SUMIFS(Data!$U$5:$U$5004,Data!$B$5:$B$5004,$P$6,Data!$D$5:$D$5004,$P$7,Data!$C$5:$C$5004,$P$8,Data!$E$5:$E$5004,$B109,Data!$F$5:$F$5004,$P$10,Data!$G$5:$G$5004,$P$11)+ExOn*SUMIFS(مثال_Example!$U$5:$U$804,مثال_Example!$B$5:$B$804,$P$6,مثال_Example!$D$5:$D$804,$P$7,مثال_Example!$C$5:$C$804,$P$8,مثال_Example!$E$5:$E$804,$B109,مثال_Example!$F$5:$F$804,$P$10,مثال_Example!$G$5:$G$804,$P$11))) | L109: =IF($B109="","",(SUMIFS(Data!$V$5:$V$5004,Data!$B$5:$B$5004,$P$6,Data!$D$5:$D$5004,$P$7,Data!$C$5:$C$5004,$P$8,Data!$E$5:$E$5004,$B109,Data!$F$5:$F$5004,$P$10,Data!$G$5:$G$5004,$P$11)+ExOn*SUMIFS(مثال_Example!$V$5:$V$804,مثال_Example!$B$5:$B$804,$P$6,مثال_Example!$D$5:$D$804,$P$7,مثال_Example!$C$5:$C$804,$P$8,مثال_Example!$E$5:$E$804,$B109,مثال_Example!$F$5:$F$804,$P$10,مثال_Example!$G$5:$G$804,$P$11))) | M109: =IF($B109="","",IF(I109=0,"—",(K109+L109)/I109))
B110: =IF(IFERROR(INDEX(Lists!$K$2:$R$13,MATCH($D$7,Lists!$J$2:$J$13,0),8),"")="","",INDEX(Lists!$K$2:$R$13,MATCH($D$7,Lists!$J$2:$J$13,0),8)) | C110: =IF($B110="","",(SUMIFS(Data!$Q$5:$Q$5004,Data!$B$5:$B$5004,$P$6,Data!$D$5:$D$5004,$P$7,Data!$C$5:$C$5004,$P$8,Data!$E$5:$E$5004,$B110,Data!$F$5:$F$5004,$P$10,Data!$G$5:$G$5004,$P$11)+ExOn*SUMIFS(مثال_Example!$Q$5:$Q$804,مثال_Example!$B$5:$B$804,$P$6,مثال_Example!$D$5:$D$804,$P$7,مثال_Example!$C$5:$C$804,$P$8,مثال_Example!$E$5:$E$804,$B110,مثال_Example!$F$5:$F$804,$P$10,مثال_Example!$G$5:$G$804,$P$11))) | D110: =IF($B110="","",(SUMIFS(Data!$R$5:$R$5004,Data!$B$5:$B$5004,$P$6,Data!$D$5:$D$5004,$P$7,Data!$C$5:$C$5004,$P$8,Data!$E$5:$E$5004,$B110,Data!$F$5:$F$5004,$P$10,Data!$G$5:$G$5004,$P$11)+ExOn*SUMIFS(مثال_Example!$R$5:$R$804,مثال_Example!$B$5:$B$804,$P$6,مثال_Example!$D$5:$D$804,$P$7,مثال_Example!$C$5:$C$804,$P$8,مثال_Example!$E$5:$E$804,$B110,مثال_Example!$F$5:$F$804,$P$10,مثال_Example!$G$5:$G$804,$P$11))) | E110: =IF($B110="","",IF($C110=0,"—",D110/$C110)) | F110: =IF($B110="","",(SUMIFS(Data!$S$5:$S$5004,Data!$B$5:$B$5004,$P$6,Data!$D$5:$D$5004,$P$7,Data!$C$5:$C$5004,$P$8,Data!$E$5:$E$5004,$B110,Data!$F$5:$F$5004,$P$10,Data!$G$5:$G$5004,$P$11)+ExOn*SUMIFS(مثال_Example!$S$5:$S$804,مثال_Example!$B$5:$B$804,$P$6,مثال_Example!$D$5:$D$804,$P$7,مثال_Example!$C$5:$C$804,$P$8,مثال_Example!$E$5:$E$804,$B110,مثال_Example!$F$5:$F$804,$P$10,مثال_Example!$G$5:$G$804,$P$11))) | G110: =IF($B110="","",IF($C110=0,"—",F110/$C110)) | H110: =IF($B110="","",IF($C110=0,"لا توجد بيانات",IF(ROUND(D110/C110,10)<=KeyA_VW,"Very Weak",IF(ROUND(D110/C110,10)<KeyA_Weak,"Weak",IF(ROUND(F110/C110,10)<KeyA_Acc,"Acceptable",IF(ROUND(F110/C110,10)<=KeyA_Good,"Good",IF(ROUND(F110/C110,10)<KeyA_Out,"Very Good","Outstanding"))))))) | I110: =IF($B110="","",J110+K110+L110) | J110: =IF($B110="","",(SUMIFS(Data!$T$5:$T$5004,Data!$B$5:$B$5004,$P$6,Data!$D$5:$D$5004,$P$7,Data!$C$5:$C$5004,$P$8,Data!$E$5:$E$5004,$B110,Data!$F$5:$F$5004,$P$10,Data!$G$5:$G$5004,$P$11)+ExOn*SUMIFS(مثال_Example!$T$5:$T$804,مثال_Example!$B$5:$B$804,$P$6,مثال_Example!$D$5:$D$804,$P$7,مثال_Example!$C$5:$C$804,$P$8,مثال_Example!$E$5:$E$804,$B110,مثال_Example!$F$5:$F$804,$P$10,مثال_Example!$G$5:$G$804,$P$11))) | K110: =IF($B110="","",(SUMIFS(Data!$U$5:$U$5004,Data!$B$5:$B$5004,$P$6,Data!$D$5:$D$5004,$P$7,Data!$C$5:$C$5004,$P$8,Data!$E$5:$E$5004,$B110,Data!$F$5:$F$5004,$P$10,Data!$G$5:$G$5004,$P$11)+ExOn*SUMIFS(مثال_Example!$U$5:$U$804,مثال_Example!$B$5:$B$804,$P$6,مثال_Example!$D$5:$D$804,$P$7,مثال_Example!$C$5:$C$804,$P$8,مثال_Example!$E$5:$E$804,$B110,مثال_Example!$F$5:$F$804,$P$10,مثال_Example!$G$5:$G$804,$P$11))) | L110: =IF($B110="","",(SUMIFS(Data!$V$5:$V$5004,Data!$B$5:$B$5004,$P$6,Data!$D$5:$D$5004,$P$7,Data!$C$5:$C$5004,$P$8,Data!$E$5:$E$5004,$B110,Data!$F$5:$F$5004,$P$10,Data!$G$5:$G$5004,$P$11)+ExOn*SUMIFS(مثال_Example!$V$5:$V$804,مثال_Example!$B$5:$B$804,$P$6,مثال_Example!$D$5:$D$804,$P$7,مثال_Example!$C$5:$C$804,$P$8,مثال_Example!$E$5:$E$804,$B110,مثال_Example!$F$5:$F$804,$P$10,مثال_Example!$G$5:$G$804,$P$11))) | M110: =IF($B110="","",IF(I110=0,"—",(K110+L110)/I110))
B111: المجموع (من مجموع الأعداد) | C111: =SUM(C103:C110) -> 0 | D111: =SUM(D103:D110) -> 0 | E111: =IF(C111=0,"—",D111/C111) -> — | F111: =SUM(F103:F110) -> 0 | G111: =IF(C111=0,"—",F111/C111) -> — | H111: =IF(C111=0,"لا توجد بيانات",IF(ROUND(D111/C111,10)<=KeyA_VW,"Very Weak",IF(ROUND(D111/C111,10)<KeyA_Weak,"Weak",IF(ROUND(F111/C111,10)<KeyA_Acc,"Acceptable",IF(ROUND(F111/C111,10)<=KeyA_Good,"Good",IF(ROUND(F111/C111,10)<KeyA_Out,"Very Good","Outstanding")))))) -> لا توجد بيانات | I111: =SUM(I103:I110) -> 0 | J111: =SUM(J103:J110) -> 0 | K111: =SUM(K103:K110) -> 0 | L111: =SUM(L103:L110) -> 0 | M111: =IF(I111=0,"—",(K111+L111)/I111) -> —
B113: التقدم حسب البلوك (Block) | Progress by البلوك (Block)
B114: البلوك (Block) | C114: حالات تقدم | D114: Less عدد | E114: Less % | F114: Expected عدد | G114: Expected % | H114: Better عدد | I114: Better % | J114: Exp&Better عدد | K114: Exp&Better % | L114: حكم التقدم | M114: مستبعد U + بدون Start
B115: =B103 -> ah | C115: =IF($B115="","",I103) -> 0 | D115: =IF($B115="","",J103) -> 0 | E115: =IF($B115="","",IF($C115=0,"—",D115/$C115)) -> — | F115: =IF($B115="","",K103) -> 0 | G115: =IF($B115="","",IF($C115=0,"—",F115/$C115)) -> — | H115: =IF($B115="","",L103) -> 0 | I115: =IF($B115="","",IF($C115=0,"—",H115/$C115)) -> — | J115: =IF($B115="","",F115+H115) -> 0 | K115: =IF($B115="","",IF($C115=0,"—",J115/$C115)) -> — | L115: =IF($B115="","",IF($C115=0,"لا توجد بيانات",IF(ROUND(J115/C115,10)<=KeyP_VW,"Very Weak",IF(ROUND(J115/C115,10)<KeyP_Weak,"Weak",IF(ROUND(H115/C115,10)<KeyP_Acc,"Acceptable",IF(ROUND(H115/C115,10)<=KeyP_Good,"Good",IF(ROUND(H115/C115,10)<KeyP_Out,"Very Good","Outstanding"))))))) -> لا توجد بيانات | M115: =IF($B115="","",(SUMIFS(Data!$W$5:$W$5004,Data!$B$5:$B$5004,$P$6,Data!$D$5:$D$5004,$P$7,Data!$C$5:$C$5004,$P$8,Data!$E$5:$E$5004,$B115,Data!$F$5:$F$5004,$P$10,Data!$G$5:$G$5004,$P$11)+ExOn*SUMIFS(مثال_Example!$W$5:$W$804,مثال_Example!$B$5:$B$804,$P$6,مثال_Example!$D$5:$D$804,$P$7,مثال_Example!$C$5:$C$804,$P$8,مثال_Example!$E$5:$E$804,$B115,مثال_Example!$F$5:$F$804,$P$10,مثال_Example!$G$5:$G$804,$P$11))+(SUMIFS(Data!$X$5:$X$5004,Data!$B$5:$B$5004,$P$6,Data!$D$5:$D$5004,$P$7,Data!$C$5:$C$5004,$P$8,Data!$E$5:$E$5004,$B115,Data!$F$5:$F$5004,$P$10,Data!$G$5:$G$5004,$P$11)+ExOn*SUMIFS(مثال_Example!$X$5:$X$804,مثال_Example!$B$5:$B$804,$P$6,مثال_Example!$D$5:$D$804,$P$7,مثال_Example!$C$5:$C$804,$P$8,مثال_Example!$E$5:$E$804,$B115,مثال_Example!$F$5:$F$804,$P$10,مثال_Example!$G$5:$G$804,$P$11))) -> 0
B116: =B104 -> ip | C116: =IF($B116="","",I104) -> 0 | D116: =IF($B116="","",J104) -> 0 | E116: =IF($B116="","",IF($C116=0,"—",D116/$C116)) -> — | F116: =IF($B116="","",K104) -> 0 | G116: =IF($B116="","",IF($C116=0,"—",F116/$C116)) -> — | H116: =IF($B116="","",L104) -> 0 | I116: =IF($B116="","",IF($C116=0,"—",H116/$C116)) -> — | J116: =IF($B116="","",F116+H116) -> 0 | K116: =IF($B116="","",IF($C116=0,"—",J116/$C116)) -> — | L116: =IF($B116="","",IF($C116=0,"لا توجد بيانات",IF(ROUND(J116/C116,10)<=KeyP_VW,"Very Weak",IF(ROUND(J116/C116,10)<KeyP_Weak,"Weak",IF(ROUND(H116/C116,10)<KeyP_Acc,"Acceptable",IF(ROUND(H116/C116,10)<=KeyP_Good,"Good",IF(ROUND(H116/C116,10)<KeyP_Out,"Very Good","Outstanding"))))))) -> لا توجد بيانات | M116: =IF($B116="","",(SUMIFS(Data!$W$5:$W$5004,Data!$B$5:$B$5004,$P$6,Data!$D$5:$D$5004,$P$7,Data!$C$5:$C$5004,$P$8,Data!$E$5:$E$5004,$B116,Data!$F$5:$F$5004,$P$10,Data!$G$5:$G$5004,$P$11)+ExOn*SUMIFS(مثال_Example!$W$5:$W$804,مثال_Example!$B$5:$B$804,$P$6,مثال_Example!$D$5:$D$804,$P$7,مثال_Example!$C$5:$C$804,$P$8,مثال_Example!$E$5:$E$804,$B116,مثال_Example!$F$5:$F$804,$P$10,مثال_Example!$G$5:$G$804,$P$11))+(SUMIFS(Data!$X$5:$X$5004,Data!$B$5:$B$5004,$P$6,Data!$D$5:$D$5004,$P$7,Data!$C$5:$C$5004,$P$8,Data!$E$5:$E$5004,$B116,Data!$F$5:$F$5004,$P$10,Data!$G$5:$G$5004,$P$11)+ExOn*SUMIFS(مثال_Example!$X$5:$X$804,مثال_Example!$B$5:$B$804,$P$6,مثال_Example!$D$5:$D$804,$P$7,مثال_Example!$C$5:$C$804,$P$8,مثال_Example!$E$5:$E$804,$B116,مثال_Example!$F$5:$F$804,$P$10,مثال_Example!$G$5:$G$804,$P$11))) -> 0
B117: =B105 | C117: =IF($B117="","",I105) | D117: =IF($B117="","",J105) | E117: =IF($B117="","",IF($C117=0,"—",D117/$C117)) | F117: =IF($B117="","",K105) | G117: =IF($B117="","",IF($C117=0,"—",F117/$C117)) | H117: =IF($B117="","",L105) | I117: =IF($B117="","",IF($C117=0,"—",H117/$C117)) | J117: =IF($B117="","",F117+H117) | K117: =IF($B117="","",IF($C117=0,"—",J117/$C117)) | L117: =IF($B117="","",IF($C117=0,"لا توجد بيانات",IF(ROUND(J117/C117,10)<=KeyP_VW,"Very Weak",IF(ROUND(J117/C117,10)<KeyP_Weak,"Weak",IF(ROUND(H117/C117,10)<KeyP_Acc,"Acceptable",IF(ROUND(H117/C117,10)<=KeyP_Good,"Good",IF(ROUND(H117/C117,10)<KeyP_Out,"Very Good","Outstanding"))))))) | M117: =IF($B117="","",(SUMIFS(Data!$W$5:$W$5004,Data!$B$5:$B$5004,$P$6,Data!$D$5:$D$5004,$P$7,Data!$C$5:$C$5004,$P$8,Data!$E$5:$E$5004,$B117,Data!$F$5:$F$5004,$P$10,Data!$G$5:$G$5004,$P$11)+ExOn*SUMIFS(مثال_Example!$W$5:$W$804,مثال_Example!$B$5:$B$804,$P$6,مثال_Example!$D$5:$D$804,$P$7,مثال_Example!$C$5:$C$804,$P$8,مثال_Example!$E$5:$E$804,$B117,مثال_Example!$F$5:$F$804,$P$10,مثال_Example!$G$5:$G$804,$P$11))+(SUMIFS(Data!$X$5:$X$5004,Data!$B$5:$B$5004,$P$6,Data!$D$5:$D$5004,$P$7,Data!$C$5:$C$5004,$P$8,Data!$E$5:$E$5004,$B117,Data!$F$5:$F$5004,$P$10,Data!$G$5:$G$5004,$P$11)+ExOn*SUMIFS(مثال_Example!$X$5:$X$804,مثال_Example!$B$5:$B$804,$P$6,مثال_Example!$D$5:$D$804,$P$7,مثال_Example!$C$5:$C$804,$P$8,مثال_Example!$E$5:$E$804,$B117,مثال_Example!$F$5:$F$804,$P$10,مثال_Example!$G$5:$G$804,$P$11)))
B118: =B106 | C118: =IF($B118="","",I106) | D118: =IF($B118="","",J106) | E118: =IF($B118="","",IF($C118=0,"—",D118/$C118)) | F118: =IF($B118="","",K106) | G118: =IF($B118="","",IF($C118=0,"—",F118/$C118)) | H118: =IF($B118="","",L106) | I118: =IF($B118="","",IF($C118=0,"—",H118/$C118)) | J118: =IF($B118="","",F118+H118) | K118: =IF($B118="","",IF($C118=0,"—",J118/$C118)) | L118: =IF($B118="","",IF($C118=0,"لا توجد بيانات",IF(ROUND(J118/C118,10)<=KeyP_VW,"Very Weak",IF(ROUND(J118/C118,10)<KeyP_Weak,"Weak",IF(ROUND(H118/C118,10)<KeyP_Acc,"Acceptable",IF(ROUND(H118/C118,10)<=KeyP_Good,"Good",IF(ROUND(H118/C118,10)<KeyP_Out,"Very Good","Outstanding"))))))) | M118: =IF($B118="","",(SUMIFS(Data!$W$5:$W$5004,Data!$B$5:$B$5004,$P$6,Data!$D$5:$D$5004,$P$7,Data!$C$5:$C$5004,$P$8,Data!$E$5:$E$5004,$B118,Data!$F$5:$F$5004,$P$10,Data!$G$5:$G$5004,$P$11)+ExOn*SUMIFS(مثال_Example!$W$5:$W$804,مثال_Example!$B$5:$B$804,$P$6,مثال_Example!$D$5:$D$804,$P$7,مثال_Example!$C$5:$C$804,$P$8,مثال_Example!$E$5:$E$804,$B118,مثال_Example!$F$5:$F$804,$P$10,مثال_Example!$G$5:$G$804,$P$11))+(SUMIFS(Data!$X$5:$X$5004,Data!$B$5:$B$5004,$P$6,Data!$D$5:$D$5004,$P$7,Data!$C$5:$C$5004,$P$8,Data!$E$5:$E$5004,$B118,Data!$F$5:$F$5004,$P$10,Data!$G$5:$G$5004,$P$11)+ExOn*SUMIFS(مثال_Example!$X$5:$X$804,مثال_Example!$B$5:$B$804,$P$6,مثال_Example!$D$5:$D$804,$P$7,مثال_Example!$C$5:$C$804,$P$8,مثال_Example!$E$5:$E$804,$B118,مثال_Example!$F$5:$F$804,$P$10,مثال_Example!$G$5:$G$804,$P$11)))
B119: =B107 | C119: =IF($B119="","",I107) | D119: =IF($B119="","",J107) | E119: =IF($B119="","",IF($C119=0,"—",D119/$C119)) | F119: =IF($B119="","",K107) | G119: =IF($B119="","",IF($C119=0,"—",F119/$C119)) | H119: =IF($B119="","",L107) | I119: =IF($B119="","",IF($C119=0,"—",H119/$C119)) | J119: =IF($B119="","",F119+H119) | K119: =IF($B119="","",IF($C119=0,"—",J119/$C119)) | L119: =IF($B119="","",IF($C119=0,"لا توجد بيانات",IF(ROUND(J119/C119,10)<=KeyP_VW,"Very Weak",IF(ROUND(J119/C119,10)<KeyP_Weak,"Weak",IF(ROUND(H119/C119,10)<KeyP_Acc,"Acceptable",IF(ROUND(H119/C119,10)<=KeyP_Good,"Good",IF(ROUND(H119/C119,10)<KeyP_Out,"Very Good","Outstanding"))))))) | M119: =IF($B119="","",(SUMIFS(Data!$W$5:$W$5004,Data!$B$5:$B$5004,$P$6,Data!$D$5:$D$5004,$P$7,Data!$C$5:$C$5004,$P$8,Data!$E$5:$E$5004,$B119,Data!$F$5:$F$5004,$P$10,Data!$G$5:$G$5004,$P$11)+ExOn*SUMIFS(مثال_Example!$W$5:$W$804,مثال_Example!$B$5:$B$804,$P$6,مثال_Example!$D$5:$D$804,$P$7,مثال_Example!$C$5:$C$804,$P$8,مثال_Example!$E$5:$E$804,$B119,مثال_Example!$F$5:$F$804,$P$10,مثال_Example!$G$5:$G$804,$P$11))+(SUMIFS(Data!$X$5:$X$5004,Data!$B$5:$B$5004,$P$6,Data!$D$5:$D$5004,$P$7,Data!$C$5:$C$5004,$P$8,Data!$E$5:$E$5004,$B119,Data!$F$5:$F$5004,$P$10,Data!$G$5:$G$5004,$P$11)+ExOn*SUMIFS(مثال_Example!$X$5:$X$804,مثال_Example!$B$5:$B$804,$P$6,مثال_Example!$D$5:$D$804,$P$7,مثال_Example!$C$5:$C$804,$P$8,مثال_Example!$E$5:$E$804,$B119,مثال_Example!$F$5:$F$804,$P$10,مثال_Example!$G$5:$G$804,$P$11)))
B120: =B108 | C120: =IF($B120="","",I108) | D120: =IF($B120="","",J108) | E120: =IF($B120="","",IF($C120=0,"—",D120/$C120)) | F120: =IF($B120="","",K108) | G120: =IF($B120="","",IF($C120=0,"—",F120/$C120)) | H120: =IF($B120="","",L108) | I120: =IF($B120="","",IF($C120=0,"—",H120/$C120)) | J120: =IF($B120="","",F120+H120) | K120: =IF($B120="","",IF($C120=0,"—",J120/$C120)) | L120: =IF($B120="","",IF($C120=0,"لا توجد بيانات",IF(ROUND(J120/C120,10)<=KeyP_VW,"Very Weak",IF(ROUND(J120/C120,10)<KeyP_Weak,"Weak",IF(ROUND(H120/C120,10)<KeyP_Acc,"Acceptable",IF(ROUND(H120/C120,10)<=KeyP_Good,"Good",IF(ROUND(H120/C120,10)<KeyP_Out,"Very Good","Outstanding"))))))) | M120: =IF($B120="","",(SUMIFS(Data!$W$5:$W$5004,Data!$B$5:$B$5004,$P$6,Data!$D$5:$D$5004,$P$7,Data!$C$5:$C$5004,$P$8,Data!$E$5:$E$5004,$B120,Data!$F$5:$F$5004,$P$10,Data!$G$5:$G$5004,$P$11)+ExOn*SUMIFS(مثال_Example!$W$5:$W$804,مثال_Example!$B$5:$B$804,$P$6,مثال_Example!$D$5:$D$804,$P$7,مثال_Example!$C$5:$C$804,$P$8,مثال_Example!$E$5:$E$804,$B120,مثال_Example!$F$5:$F$804,$P$10,مثال_Example!$G$5:$G$804,$P$11))+(SUMIFS(Data!$X$5:$X$5004,Data!$B$5:$B$5004,$P$6,Data!$D$5:$D$5004,$P$7,Data!$C$5:$C$5004,$P$8,Data!$E$5:$E$5004,$B120,Data!$F$5:$F$5004,$P$10,Data!$G$5:$G$5004,$P$11)+ExOn*SUMIFS(مثال_Example!$X$5:$X$804,مثال_Example!$B$5:$B$804,$P$6,مثال_Example!$D$5:$D$804,$P$7,مثال_Example!$C$5:$C$804,$P$8,مثال_Example!$E$5:$E$804,$B120,مثال_Example!$F$5:$F$804,$P$10,مثال_Example!$G$5:$G$804,$P$11)))
B121: =B109 | C121: =IF($B121="","",I109) | D121: =IF($B121="","",J109) | E121: =IF($B121="","",IF($C121=0,"—",D121/$C121)) | F121: =IF($B121="","",K109) | G121: =IF($B121="","",IF($C121=0,"—",F121/$C121)) | H121: =IF($B121="","",L109) | I121: =IF($B121="","",IF($C121=0,"—",H121/$C121)) | J121: =IF($B121="","",F121+H121) | K121: =IF($B121="","",IF($C121=0,"—",J121/$C121)) | L121: =IF($B121="","",IF($C121=0,"لا توجد بيانات",IF(ROUND(J121/C121,10)<=KeyP_VW,"Very Weak",IF(ROUND(J121/C121,10)<KeyP_Weak,"Weak",IF(ROUND(H121/C121,10)<KeyP_Acc,"Acceptable",IF(ROUND(H121/C121,10)<=KeyP_Good,"Good",IF(ROUND(H121/C121,10)<KeyP_Out,"Very Good","Outstanding"))))))) | M121: =IF($B121="","",(SUMIFS(Data!$W$5:$W$5004,Data!$B$5:$B$5004,$P$6,Data!$D$5:$D$5004,$P$7,Data!$C$5:$C$5004,$P$8,Data!$E$5:$E$5004,$B121,Data!$F$5:$F$5004,$P$10,Data!$G$5:$G$5004,$P$11)+ExOn*SUMIFS(مثال_Example!$W$5:$W$804,مثال_Example!$B$5:$B$804,$P$6,مثال_Example!$D$5:$D$804,$P$7,مثال_Example!$C$5:$C$804,$P$8,مثال_Example!$E$5:$E$804,$B121,مثال_Example!$F$5:$F$804,$P$10,مثال_Example!$G$5:$G$804,$P$11))+(SUMIFS(Data!$X$5:$X$5004,Data!$B$5:$B$5004,$P$6,Data!$D$5:$D$5004,$P$7,Data!$C$5:$C$5004,$P$8,Data!$E$5:$E$5004,$B121,Data!$F$5:$F$5004,$P$10,Data!$G$5:$G$5004,$P$11)+ExOn*SUMIFS(مثال_Example!$X$5:$X$804,مثال_Example!$B$5:$B$804,$P$6,مثال_Example!$D$5:$D$804,$P$7,مثال_Example!$C$5:$C$804,$P$8,مثال_Example!$E$5:$E$804,$B121,مثال_Example!$F$5:$F$804,$P$10,مثال_Example!$G$5:$G$804,$P$11)))
B122: =B110 | C122: =IF($B122="","",I110) | D122: =IF($B122="","",J110) | E122: =IF($B122="","",IF($C122=0,"—",D122/$C122)) | F122: =IF($B122="","",K110) | G122: =IF($B122="","",IF($C122=0,"—",F122/$C122)) | H122: =IF($B122="","",L110) | I122: =IF($B122="","",IF($C122=0,"—",H122/$C122)) | J122: =IF($B122="","",F122+H122) | K122: =IF($B122="","",IF($C122=0,"—",J122/$C122)) | L122: =IF($B122="","",IF($C122=0,"لا توجد بيانات",IF(ROUND(J122/C122,10)<=KeyP_VW,"Very Weak",IF(ROUND(J122/C122,10)<KeyP_Weak,"Weak",IF(ROUND(H122/C122,10)<KeyP_Acc,"Acceptable",IF(ROUND(H122/C122,10)<=KeyP_Good,"Good",IF(ROUND(H122/C122,10)<KeyP_Out,"Very Good","Outstanding"))))))) | M122: =IF($B122="","",(SUMIFS(Data!$W$5:$W$5004,Data!$B$5:$B$5004,$P$6,Data!$D$5:$D$5004,$P$7,Data!$C$5:$C$5004,$P$8,Data!$E$5:$E$5004,$B122,Data!$F$5:$F$5004,$P$10,Data!$G$5:$G$5004,$P$11)+ExOn*SUMIFS(مثال_Example!$W$5:$W$804,مثال_Example!$B$5:$B$804,$P$6,مثال_Example!$D$5:$D$804,$P$7,مثال_Example!$C$5:$C$804,$P$8,مثال_Example!$E$5:$E$804,$B122,مثال_Example!$F$5:$F$804,$P$10,مثال_Example!$G$5:$G$804,$P$11))+(SUMIFS(Data!$X$5:$X$5004,Data!$B$5:$B$5004,$P$6,Data!$D$5:$D$5004,$P$7,Data!$C$5:$C$5004,$P$8,Data!$E$5:$E$5004,$B122,Data!$F$5:$F$5004,$P$10,Data!$G$5:$G$5004,$P$11)+ExOn*SUMIFS(مثال_Example!$X$5:$X$804,مثال_Example!$B$5:$B$804,$P$6,مثال_Example!$D$5:$D$804,$P$7,مثال_Example!$C$5:$C$804,$P$8,مثال_Example!$E$5:$E$804,$B122,مثال_Example!$F$5:$F$804,$P$10,مثال_Example!$G$5:$G$804,$P$11)))
B123: المجموع | C123: =SUM(C115:C122) -> 0 | D123: =SUM(D115:D122) -> 0 | E123: =IF(C123=0,"—",D123/C123) -> — | F123: =SUM(F115:F122) -> 0 | G123: =IF(C123=0,"—",F123/C123) -> — | H123: =SUM(H115:H122) -> 0 | I123: =IF(C123=0,"—",H123/C123) -> — | J123: =SUM(J115:J122) -> 0 | K123: =IF(C123=0,"—",J123/C123) -> — | L123: =IF(C123=0,"لا توجد بيانات",IF(ROUND(J123/C123,10)<=KeyP_VW,"Very Weak",IF(ROUND(J123/C123,10)<KeyP_Weak,"Weak",IF(ROUND(H123/C123,10)<KeyP_Acc,"Acceptable",IF(ROUND(H123/C123,10)<=KeyP_Good,"Good",IF(ROUND(H123/C123,10)<KeyP_Out,"Very Good","Outstanding")))))) -> لا توجد بيانات | M123: =SUM(M115:M122) -> 0
B125: توزيع العلامات الحالية | Grade distribution
B126: العلامة Grade | C126: عدد الطلاب | D126: % من أصحاب النتائج | E126: ضمن At & Above؟ | F126: تسمية الرسم
B127: U | C127: =(SUMIFS(Data!$Q$5:$Q$5004,Data!$B$5:$B$5004,$P$6,Data!$D$5:$D$5004,$P$7,Data!$C$5:$C$5004,$P$8,Data!$E$5:$E$5004,$P$9,Data!$F$5:$F$5004,$P$10,Data!$G$5:$G$5004,$P$11,Data!$I$5:$I$5004,$B127)+ExOn*SUMIFS(مثال_Example!$Q$5:$Q$804,مثال_Example!$B$5:$B$804,$P$6,مثال_Example!$D$5:$D$804,$P$7,مثال_Example!$C$5:$C$804,$P$8,مثال_Example!$E$5:$E$804,$P$9,مثال_Example!$F$5:$F$804,$P$10,مثال_Example!$G$5:$G$804,$P$11,مثال_Example!$I$5:$I$804,$B127)) -> 0 | D127: =IF($Q$13=0,"—",C127/$Q$13) -> — | E127: =IF(MATCH(B127,GradeList,0)>=AboveRank,"Above",IF(MATCH(B127,GradeList,0)>=AtRank,"At","—")) -> — | F127: =B127&_xlfn.UNICHAR(8206) -> U‎
B128: B | C128: =(SUMIFS(Data!$Q$5:$Q$5004,Data!$B$5:$B$5004,$P$6,Data!$D$5:$D$5004,$P$7,Data!$C$5:$C$5004,$P$8,Data!$E$5:$E$5004,$P$9,Data!$F$5:$F$5004,$P$10,Data!$G$5:$G$5004,$P$11,Data!$I$5:$I$5004,$B128)+ExOn*SUMIFS(مثال_Example!$Q$5:$Q$804,مثال_Example!$B$5:$B$804,$P$6,مثال_Example!$D$5:$D$804,$P$7,مثال_Example!$C$5:$C$804,$P$8,مثال_Example!$E$5:$E$804,$P$9,مثال_Example!$F$5:$F$804,$P$10,مثال_Example!$G$5:$G$804,$P$11,مثال_Example!$I$5:$I$804,$B128)) -> 0 | D128: =IF($Q$13=0,"—",C128/$Q$13) -> — | E128: =IF(MATCH(B128,GradeList,0)>=AboveRank,"Above",IF(MATCH(B128,GradeList,0)>=AtRank,"At","—")) -> — | F128: =B128&_xlfn.UNICHAR(8206) -> B‎
B129: B+ | C129: =(SUMIFS(Data!$Q$5:$Q$5004,Data!$B$5:$B$5004,$P$6,Data!$D$5:$D$5004,$P$7,Data!$C$5:$C$5004,$P$8,Data!$E$5:$E$5004,$P$9,Data!$F$5:$F$5004,$P$10,Data!$G$5:$G$5004,$P$11,Data!$I$5:$I$5004,$B129)+ExOn*SUMIFS(مثال_Example!$Q$5:$Q$804,مثال_Example!$B$5:$B$804,$P$6,مثال_Example!$D$5:$D$804,$P$7,مثال_Example!$C$5:$C$804,$P$8,مثال_Example!$E$5:$E$804,$P$9,مثال_Example!$F$5:$F$804,$P$10,مثال_Example!$G$5:$G$804,$P$11,مثال_Example!$I$5:$I$804,$B129)) -> 0 | D129: =IF($Q$13=0,"—",C129/$Q$13) -> — | E129: =IF(MATCH(B129,GradeList,0)>=AboveRank,"Above",IF(MATCH(B129,GradeList,0)>=AtRank,"At","—")) -> — | F129: =B129&_xlfn.UNICHAR(8206) -> B+‎
B130: T | C130: =(SUMIFS(Data!$Q$5:$Q$5004,Data!$B$5:$B$5004,$P$6,Data!$D$5:$D$5004,$P$7,Data!$C$5:$C$5004,$P$8,Data!$E$5:$E$5004,$P$9,Data!$F$5:$F$5004,$P$10,Data!$G$5:$G$5004,$P$11,Data!$I$5:$I$5004,$B130)+ExOn*SUMIFS(مثال_Example!$Q$5:$Q$804,مثال_Example!$B$5:$B$804,$P$6,مثال_Example!$D$5:$D$804,$P$7,مثال_Example!$C$5:$C$804,$P$8,مثال_Example!$E$5:$E$804,$P$9,مثال_Example!$F$5:$F$804,$P$10,مثال_Example!$G$5:$G$804,$P$11,مثال_Example!$I$5:$I$804,$B130)) -> 0 | D130: =IF($Q$13=0,"—",C130/$Q$13) -> — | E130: =IF(MATCH(B130,GradeList,0)>=AboveRank,"Above",IF(MATCH(B130,GradeList,0)>=AtRank,"At","—")) -> — | F130: =B130&_xlfn.UNICHAR(8206) -> T‎
B131: AT | C131: =(SUMIFS(Data!$Q$5:$Q$5004,Data!$B$5:$B$5004,$P$6,Data!$D$5:$D$5004,$P$7,Data!$C$5:$C$5004,$P$8,Data!$E$5:$E$5004,$P$9,Data!$F$5:$F$5004,$P$10,Data!$G$5:$G$5004,$P$11,Data!$I$5:$I$5004,$B131)+ExOn*SUMIFS(مثال_Example!$Q$5:$Q$804,مثال_Example!$B$5:$B$804,$P$6,مثال_Example!$D$5:$D$804,$P$7,مثال_Example!$C$5:$C$804,$P$8,مثال_Example!$E$5:$E$804,$P$9,مثال_Example!$F$5:$F$804,$P$10,مثال_Example!$G$5:$G$804,$P$11,مثال_Example!$I$5:$I$804,$B131)) -> 0 | D131: =IF($Q$13=0,"—",C131/$Q$13) -> — | E131: =IF(MATCH(B131,GradeList,0)>=AboveRank,"Above",IF(MATCH(B131,GradeList,0)>=AtRank,"At","—")) -> At | F131: =B131&_xlfn.UNICHAR(8206) -> AT‎
B132: AT+ | C132: =(SUMIFS(Data!$Q$5:$Q$5004,Data!$B$5:$B$5004,$P$6,Data!$D$5:$D$5004,$P$7,Data!$C$5:$C$5004,$P$8,Data!$E$5:$E$5004,$P$9,Data!$F$5:$F$5004,$P$10,Data!$G$5:$G$5004,$P$11,Data!$I$5:$I$5004,$B132)+ExOn*SUMIFS(مثال_Example!$Q$5:$Q$804,مثال_Example!$B$5:$B$804,$P$6,مثال_Example!$D$5:$D$804,$P$7,مثال_Example!$C$5:$C$804,$P$8,مثال_Example!$E$5:$E$804,$P$9,مثال_Example!$F$5:$F$804,$P$10,مثال_Example!$G$5:$G$804,$P$11,مثال_Example!$I$5:$I$804,$B132)) -> 0 | D132: =IF($Q$13=0,"—",C132/$Q$13) -> — | E132: =IF(MATCH(B132,GradeList,0)>=AboveRank,"Above",IF(MATCH(B132,GradeList,0)>=AtRank,"At","—")) -> At | F132: =B132&_xlfn.UNICHAR(8206) -> AT+‎
B133: AB | C133: =(SUMIFS(Data!$Q$5:$Q$5004,Data!$B$5:$B$5004,$P$6,Data!$D$5:$D$5004,$P$7,Data!$C$5:$C$5004,$P$8,Data!$E$5:$E$5004,$P$9,Data!$F$5:$F$5004,$P$10,Data!$G$5:$G$5004,$P$11,Data!$I$5:$I$5004,$B133)+ExOn*SUMIFS(مثال_Example!$Q$5:$Q$804,مثال_Example!$B$5:$B$804,$P$6,مثال_Example!$D$5:$D$804,$P$7,مثال_Example!$C$5:$C$804,$P$8,مثال_Example!$E$5:$E$804,$P$9,مثال_Example!$F$5:$F$804,$P$10,مثال_Example!$G$5:$G$804,$P$11,مثال_Example!$I$5:$I$804,$B133)) -> 0 | D133: =IF($Q$13=0,"—",C133/$Q$13) -> — | E133: =IF(MATCH(B133,GradeList,0)>=AboveRank,"Above",IF(MATCH(B133,GradeList,0)>=AtRank,"At","—")) -> Above | F133: =B133&_xlfn.UNICHAR(8206) -> AB‎
B134: AB+ | C134: =(SUMIFS(Data!$Q$5:$Q$5004,Data!$B$5:$B$5004,$P$6,Data!$D$5:$D$5004,$P$7,Data!$C$5:$C$5004,$P$8,Data!$E$5:$E$5004,$P$9,Data!$F$5:$F$5004,$P$10,Data!$G$5:$G$5004,$P$11,Data!$I$5:$I$5004,$B134)+ExOn*SUMIFS(مثال_Example!$Q$5:$Q$804,مثال_Example!$B$5:$B$804,$P$6,مثال_Example!$D$5:$D$804,$P$7,مثال_Example!$C$5:$C$804,$P$8,مثال_Example!$E$5:$E$804,$P$9,مثال_Example!$F$5:$F$804,$P$10,مثال_Example!$G$5:$G$804,$P$11,مثال_Example!$I$5:$I$804,$B134)) -> 0 | D134: =IF($Q$13=0,"—",C134/$Q$13) -> — | E134: =IF(MATCH(B134,GradeList,0)>=AboveRank,"Above",IF(MATCH(B134,GradeList,0)>=AtRank,"At","—")) -> Above | F134: =B134&_xlfn.UNICHAR(8206) -> AB+‎
B135: GD | C135: =(SUMIFS(Data!$Q$5:$Q$5004,Data!$B$5:$B$5004,$P$6,Data!$D$5:$D$5004,$P$7,Data!$C$5:$C$5004,$P$8,Data!$E$5:$E$5004,$P$9,Data!$F$5:$F$5004,$P$10,Data!$G$5:$G$5004,$P$11,Data!$I$5:$I$5004,$B135)+ExOn*SUMIFS(مثال_Example!$Q$5:$Q$804,مثال_Example!$B$5:$B$804,$P$6,مثال_Example!$D$5:$D$804,$P$7,مثال_Example!$C$5:$C$804,$P$8,مثال_Example!$E$5:$E$804,$P$9,مثال_Example!$F$5:$F$804,$P$10,مثال_Example!$G$5:$G$804,$P$11,مثال_Example!$I$5:$I$804,$B135)) -> 0 | D135: =IF($Q$13=0,"—",C135/$Q$13) -> — | E135: =IF(MATCH(B135,GradeList,0)>=AboveRank,"Above",IF(MATCH(B135,GradeList,0)>=AtRank,"At","—")) -> Above | F135: =B135&_xlfn.UNICHAR(8206) -> GD‎
B136: GD+ | C136: =(SUMIFS(Data!$Q$5:$Q$5004,Data!$B$5:$B$5004,$P$6,Data!$D$5:$D$5004,$P$7,Data!$C$5:$C$5004,$P$8,Data!$E$5:$E$5004,$P$9,Data!$F$5:$F$5004,$P$10,Data!$G$5:$G$5004,$P$11,Data!$I$5:$I$5004,$B136)+ExOn*SUMIFS(مثال_Example!$Q$5:$Q$804,مثال_Example!$B$5:$B$804,$P$6,مثال_Example!$D$5:$D$804,$P$7,مثال_Example!$C$5:$C$804,$P$8,مثال_Example!$E$5:$E$804,$P$9,مثال_Example!$F$5:$F$804,$P$10,مثال_Example!$G$5:$G$804,$P$11,مثال_Example!$I$5:$I$804,$B136)) -> 0 | D136: =IF($Q$13=0,"—",C136/$Q$13) -> — | E136: =IF(MATCH(B136,GradeList,0)>=AboveRank,"Above",IF(MATCH(B136,GradeList,0)>=AtRank,"At","—")) -> Above | F136: =B136&_xlfn.UNICHAR(8206) -> GD+‎
B137: المجموع | C137: =SUM(C127:C136) -> 0 | D137: =IF($Q$13=0,"—",C137/$Q$13) -> —
G139: شريحة التحصيل | H139: عدد | I139: %
G140: أقل من At (Below At) | H140: =$Q$13-$Q$14 -> 0 | I140: =IF($Q$13=0,"—",H140/$Q$13) -> —
G141: At (دون Above) | H141: =$Q$14-$Q$15 -> 0 | I141: =IF($Q$13=0,"—",H141/$Q$13) -> —
G142: Above | H142: =$Q$15 -> 0 | I142: =IF($Q$13=0,"—",H142/$Q$13) -> —
G144: تصنيف التقدم | H144: عدد | I144: %
G145: Less Than Expected | H145: =$Q$19 -> 0 | I145: =IF($Q$24=0,"—",H145/$Q$24) -> —
G146: Expected | H146: =$Q$20 -> 0 | I146: =IF($Q$24=0,"—",H146/$Q$24) -> —
G147: Better Than Expected | H147: =$Q$21 -> 0 | I147: =IF($Q$24=0,"—",H147/$Q$24) -> —

Sheet Teacher_Report
B1: تقرير المعلمين | Teacher Report
B3: ="النتيجة تُحسب من مجموع أعداد صفوف كل معلم (لا متوسط نسب) · العام الدراسي "&Settings!C6 -> النتيجة تُحسب من مجموع أعداد صفوف كل معلم (لا متوسط نسب) · العام الدراسي 2026-27
B4: الدليل | C4: اللوحة | D4: لوحة الصف | E4: المعلمون | F4: إدخال النتائج | G4: هدف التحصيل | H4: هدف التقدم | I4: الإعدادات | J4: المصفوفة | K4: الصفوف | L4: فحوص | M4: اختبارات
Q5: معايير (مساعدة)
B6: المادة (Subject) | C6: الصف (Year) | F6: البلوك (Block) | H6: الفترة (Term) | K6: المجموعة (Group) | Q6: =IF(B7="الكل (All)","*",B7) -> *
B7: الكل (All) | C7: الكل (All) | F7: الكل (All) | H7: Term 1 | K7: إجمالي الصف (All) | Q7: =IF(C7="الكل (All)","*",C7) -> *
Q8: =IF(F7="الكل (All)","*",F7) -> *
B9: المعلم Teacher | C9: القسم | D9: عدد الصفوف | E9: طلاب بنتائج | F9: At&Above عدد | G9: At&Above % | H9: Above عدد | I9: Above % | J9: حكم التحصيل | K9: حالات تقدم | L9: Better عدد | M9: Better % | N9: Exp&Better % | O9: حكم التقدم | Q9: =H7 -> Term 1
B10: =IF(Teachers!C6="","",Teachers!C6) -> Mr Ahmed Aldusoky | C10: =IF($B10="","",Teachers!D6) -> Aa | D10: =IF($B10="","",Teachers!F6) -> 6 | E10: =IF($B10="","",(SUMIFS(Data!$Q$5:$Q$5004,Data!$B$5:$B$5004,$Q$6,Data!$D$5:$D$5004,$Q$7,Data!$E$5:$E$5004,$Q$8,Data!$F$5:$F$5004,$Q$9,Data!$G$5:$G$5004,$Q$10,Data!$C$5:$C$5004,$B10)+ExOn*SUMIFS(مثال_Example!$Q$5:$Q$804,مثال_Example!$B$5:$B$804,$Q$6,مثال_Example!$D$5:$D$804,$Q$7,مثال_Example!$E$5:$E$804,$Q$8,مثال_Example!$F$5:$F$804,$Q$9,مثال_Example!$G$5:$G$804,$Q$10,مثال_Example!$C$5:$C$804,$B10))) -> 0 | F10: =IF($B10="","",(SUMIFS(Data!$R$5:$R$5004,Data!$B$5:$B$5004,$Q$6,Data!$D$5:$D$5004,$Q$7,Data!$E$5:$E$5004,$Q$8,Data!$F$5:$F$5004,$Q$9,Data!$G$5:$G$5004,$Q$10,Data!$C$5:$C$5004,$B10)+ExOn*SUMIFS(مثال_Example!$R$5:$R$804,مثال_Example!$B$5:$B$804,$Q$6,مثال_Example!$D$5:$D$804,$Q$7,مثال_Example!$E$5:$E$804,$Q$8,مثال_Example!$F$5:$F$804,$Q$9,مثال_Example!$G$5:$G$804,$Q$10,مثال_Example!$C$5:$C$804,$B10))) -> 0 | G10: =IF($B10="","",IF($E10=0,"—",F10/$E10)) -> — | H10: =IF($B10="","",(SUMIFS(Data!$S$5:$S$5004,Data!$B$5:$B$5004,$Q$6,Data!$D$5:$D$5004,$Q$7,Data!$E$5:$E$5004,$Q$8,Data!$F$5:$F$5004,$Q$9,Data!$G$5:$G$5004,$Q$10,Data!$C$5:$C$5004,$B10)+ExOn*SUMIFS(مثال_Example!$S$5:$S$804,مثال_Example!$B$5:$B$804,$Q$6,مثال_Example!$D$5:$D$804,$Q$7,مثال_Example!$E$5:$E$804,$Q$8,مثال_Example!$F$5:$F$804,$Q$9,مثال_Example!$G$5:$G$804,$Q$10,مثال_Example!$C$5:$C$804,$B10))) -> 0 | I10: =IF($B10="","",IF($E10=0,"—",H10/$E10)) -> — | J10: =IF($B10="","",IF($E10=0,"لا توجد بيانات",IF(ROUND(F10/E10,10)<=KeyA_VW,"Very Weak",IF(ROUND(F10/E10,10)<KeyA_Weak,"Weak",IF(ROUND(H10/E10,10)<KeyA_Acc,"Acceptable",IF(ROUND(H10/E10,10)<=KeyA_Good,"Good",IF(ROUND(H10/E10,10)<KeyA_Out,"Very Good","Outstanding"))))))) -> لا توجد بيانات | K10: =IF($B10="","",(SUMIFS(Data!$T$5:$T$5004,Data!$B$5:$B$5004,$Q$6,Data!$D$5:$D$5004,$Q$7,Data!$E$5:$E$5004,$Q$8,Data!$F$5:$F$5004,$Q$9,Data!$G$5:$G$5004,$Q$10,Data!$C$5:$C$5004,$B10)+ExOn*SUMIFS(مثال_Example!$T$5:$T$804,مثال_Example!$B$5:$B$804,$Q$6,مثال_Example!$D$5:$D$804,$Q$7,مثال_Example!$E$5:$E$804,$Q$8,مثال_Example!$F$5:$F$804,$Q$9,مثال_Example!$G$5:$G$804,$Q$10,مثال_Example!$C$5:$C$804,$B10))+(SUMIFS(Data!$U$5:$U$5004,Data!$B$5:$B$5004,$Q$6,Data!$D$5:$D$5004,$Q$7,Data!$E$5:$E$5004,$Q$8,Data!$F$5:$F$5004,$Q$9,Data!$G$5:$G$5004,$Q$10,Data!$C$5:$C$5004,$B10)+ExOn*SUMIFS(مثال_Example!$U$5:$U$804,مثال_Example!$B$5:$B$804,$Q$6,مثال_Example!$D$5:$D$804,$Q$7,مثال_Example!$E$5:$E$804,$Q$8,مثال_Example!$F$5:$F$804,$Q$9,مثال_Example!$G$5:$G$804,$Q$10,مثال_Example!$C$5:$C$804,$B10))+(SUMIFS(Data!$V$5:$V$5004,Data!$B$5:$B$5004,$Q$6,Data!$D$5:$D$5004,$Q$7,Data!$E$5:$E$5004,$Q$8,Data!$F$5:$F$5004,$Q$9,Data!$G$5:$G$5004,$Q$10,Data!$C$5:$C$5004,$B10)+ExOn*SUMIFS(مثال_Example!$V$5:$V$804,مثال_Example!$B$5:$B$804,$Q$6,مثال_Example!$D$5:$D$804,$Q$7,مثال_Example!$E$5:$E$804,$Q$8,مثال_Example!$F$5:$F$804,$Q$9,مثال_Example!$G$5:$G$804,$Q$10,مثال_Example!$C$5:$C$804,$B10))) -> 0 | L10: =IF($B10="","",(SUMIFS(Data!$V$5:$V$5004,Data!$B$5:$B$5004,$Q$6,Data!$D$5:$D$5004,$Q$7,Data!$E$5:$E$5004,$Q$8,Data!$F$5:$F$5004,$Q$9,Data!$G$5:$G$5004,$Q$10,Data!$C$5:$C$5004,$B10)+ExOn*SUMIFS(مثال_Example!$V$5:$V$804,مثال_Example!$B$5:$B$804,$Q$6,مثال_Example!$D$5:$D$804,$Q$7,مثال_Example!$E$5:$E$804,$Q$8,مثال_Example!$F$5:$F$804,$Q$9,مثال_Example!$G$5:$G$804,$Q$10,مثال_Example!$C$5:$C$804,$B10))) -> 0 | M10: =IF($B10="","",IF($K10=0,"—",L10/$K10)) -> — | N10: =IF($B10="","",IF($K10=0,"—",((SUMIFS(Data!$U$5:$U$5004,Data!$B$5:$B$5004,$Q$6,Data!$D$5:$D$5004,$Q$7,Data!$E$5:$E$5004,$Q$8,Data!$F$5:$F$5004,$Q$9,Data!$G$5:$G$5004,$Q$10,Data!$C$5:$C$5004,$B10)+ExOn*SUMIFS(مثال_Example!$U$5:$U$804,مثال_Example!$B$5:$B$804,$Q$6,مثال_Example!$D$5:$D$804,$Q$7,مثال_Example!$E$5:$E$804,$Q$8,مثال_Example!$F$5:$F$804,$Q$9,مثال_Example!$G$5:$G$804,$Q$10,مثال_Example!$C$5:$C$804,$B10))+L10)/$K10)) -> — | O10: =IF($B10="","",IF($K10=0,"لا توجد بيانات",IF(ROUND((((SUMIFS(Data!$U$5:$U$5004,Data!$B$5:$B$5004,$Q$6,Data!$D$5:$D$5004,$Q$7,Data!$E$5:$E$5004,$Q$8,Data!$F$5:$F$5004,$Q$9,Data!$G$5:$G$5004,$Q$10,Data!$C$5:$C$5004,$B10)+ExOn*SUMIFS(مثال_Example!$U$5:$U$804,مثال_Example!$B$5:$B$804,$Q$6,مثال_Example!$D$5:$D$804,$Q$7,مثال_Example!$E$5:$E$804,$Q$8,مثال_Example!$F$5:$F$804,$Q$9,مثال_Example!$G$5:$G$804,$Q$10,مثال_Example!$C$5:$C$804,$B10)))+L10)/K10,10)<=KeyP_VW,"Very Weak",IF(ROUND((((SUMIFS(Data!$U$5:$U$5004,Data!$B$5:$B$5004,$Q$6,Data!$D$5:$D$5004,$Q$7,Data!$E$5:$E$5004,$Q$8,Data!$F$5:$F$5004,$Q$9,Data!$G$5:$G$5004,$Q$10,Data!$C$5:$C$5004,$B10)+ExOn*SUMIFS(مثال_Example!$U$5:$U$804,مثال_Example!$B$5:$B$804,$Q$6,مثال_Example!$D$5:$D$804,$Q$7,مثال_Example!$E$5:$E$804,$Q$8,مثال_Example!$F$5:$F$804,$Q$9,مثال_Example!$G$5:$G$804,$Q$10,مثال_Example!$C$5:$C$804,$B10)))+L10)/K10,10)<KeyP_Weak,"Weak",IF(ROUND(L10/K10,10)<KeyP_Acc,"Acceptable",IF(ROUND(L10/K10,10)<=KeyP_Good,"Good",IF(ROUND(L10/K10,10)<KeyP_Out,"Very Good","Outstanding"))))))) -> لا توجد بيانات | Q10: =K7 -> إجمالي الصف (All)
B11: =IF(Teachers!C7="","",Teachers!C7) -> Mr Ahmed AbdelmonemElsye | C11: =IF($B11="","",Teachers!D7) -> Aa | D11: =IF($B11="","",Teachers!F7) -> 5 | E11: =IF($B11="","",(SUMIFS(Data!$Q$5:$Q$5004,Data!$B$5:$B$5004,$Q$6,Data!$D$5:$D$5004,$Q$7,Data!$E$5:$E$5004,$Q$8,Data!$F$5:$F$5004,$Q$9,Data!$G$5:$G$5004,$Q$10,Data!$C$5:$C$5004,$B11)+ExOn*SUMIFS(مثال_Example!$Q$5:$Q$804,مثال_Example!$B$5:$B$804,$Q$6,مثال_Example!$D$5:$D$804,$Q$7,مثال_Example!$E$5:$E$804,$Q$8,مثال_Example!$F$5:$F$804,$Q$9,مثال_Example!$G$5:$G$804,$Q$10,مثال_Example!$C$5:$C$804,$B11))) -> 0 | F11: =IF($B11="","",(SUMIFS(Data!$R$5:$R$5004,Data!$B$5:$B$5004,$Q$6,Data!$D$5:$D$5004,$Q$7,Data!$E$5:$E$5004,$Q$8,Data!$F$5:$F$5004,$Q$9,Data!$G$5:$G$5004,$Q$10,Data!$C$5:$C$5004,$B11)+ExOn*SUMIFS(مثال_Example!$R$5:$R$804,مثال_Example!$B$5:$B$804,$Q$6,مثال_Example!$D$5:$D$804,$Q$7,مثال_Example!$E$5:$E$804,$Q$8,مثال_Example!$F$5:$F$804,$Q$9,مثال_Example!$G$5:$G$804,$Q$10,مثال_Example!$C$5:$C$804,$B11))) -> 0 | G11: =IF($B11="","",IF($E11=0,"—",F11/$E11)) -> — | H11: =IF($B11="","",(SUMIFS(Data!$S$5:$S$5004,Data!$B$5:$B$5004,$Q$6,Data!$D$5:$D$5004,$Q$7,Data!$E$5:$E$5004,$Q$8,Data!$F$5:$F$5004,$Q$9,Data!$G$5:$G$5004,$Q$10,Data!$C$5:$C$5004,$B11)+ExOn*SUMIFS(مثال_Example!$S$5:$S$804,مثال_Example!$B$5:$B$804,$Q$6,مثال_Example!$D$5:$D$804,$Q$7,مثال_Example!$E$5:$E$804,$Q$8,مثال_Example!$F$5:$F$804,$Q$9,مثال_Example!$G$5:$G$804,$Q$10,مثال_Example!$C$5:$C$804,$B11))) -> 0 | I11: =IF($B11="","",IF($E11=0,"—",H11/$E11)) -> — | J11: =IF($B11="","",IF($E11=0,"لا توجد بيانات",IF(ROUND(F11/E11,10)<=KeyA_VW,"Very Weak",IF(ROUND(F11/E11,10)<KeyA_Weak,"Weak",IF(ROUND(H11/E11,10)<KeyA_Acc,"Acceptable",IF(ROUND(H11/E11,10)<=KeyA_Good,"Good",IF(ROUND(H11/E11,10)<KeyA_Out,"Very Good","Outstanding"))))))) -> لا توجد بيانات | K11: =IF($B11="","",(SUMIFS(Data!$T$5:$T$5004,Data!$B$5:$B$5004,$Q$6,Data!$D$5:$D$5004,$Q$7,Data!$E$5:$E$5004,$Q$8,Data!$F$5:$F$5004,$Q$9,Data!$G$5:$G$5004,$Q$10,Data!$C$5:$C$5004,$B11)+ExOn*SUMIFS(مثال_Example!$T$5:$T$804,مثال_Example!$B$5:$B$804,$Q$6,مثال_Example!$D$5:$D$804,$Q$7,مثال_Example!$E$5:$E$804,$Q$8,مثال_Example!$F$5:$F$804,$Q$9,مثال_Example!$G$5:$G$804,$Q$10,مثال_Example!$C$5:$C$804,$B11))+(SUMIFS(Data!$U$5:$U$5004,Data!$B$5:$B$5004,$Q$6,Data!$D$5:$D$5004,$Q$7,Data!$E$5:$E$5004,$Q$8,Data!$F$5:$F$5004,$Q$9,Data!$G$5:$G$5004,$Q$10,Data!$C$5:$C$5004,$B11)+ExOn*SUMIFS(مثال_Example!$U$5:$U$804,مثال_Example!$B$5:$B$804,$Q$6,مثال_Example!$D$5:$D$804,$Q$7,مثال_Example!$E$5:$E$804,$Q$8,مثال_Example!$F$5:$F$804,$Q$9,مثال_Example!$G$5:$G$804,$Q$10,مثال_Example!$C$5:$C$804,$B11))+(SUMIFS(Data!$V$5:$V$5004,Data!$B$5:$B$5004,$Q$6,Data!$D$5:$D$5004,$Q$7,Data!$E$5:$E$5004,$Q$8,Data!$F$5:$F$5004,$Q$9,Data!$G$5:$G$5004,$Q$10,Data!$C$5:$C$5004,$B11)+ExOn*SUMIFS(مثال_Example!$V$5:$V$804,مثال_Example!$B$5:$B$804,$Q$6,مثال_Example!$D$5:$D$804,$Q$7,مثال_Example!$E$5:$E$804,$Q$8,مثال_Example!$F$5:$F$804,$Q$9,مثال_Example!$G$5:$G$804,$Q$10,مثال_Example!$C$5:$C$804,$B11))) -> 0 | L11: =IF($B11="","",(SUMIFS(Data!$V$5:$V$5004,Data!$B$5:$B$5004,$Q$6,Data!$D$5:$D$5004,$Q$7,Data!$E$5:$E$5004,$Q$8,Data!$F$5:$F$5004,$Q$9,Data!$G$5:$G$5004,$Q$10,Data!$C$5:$C$5004,$B11)+ExOn*SUMIFS(مثال_Example!$V$5:$V$804,مثال_Example!$B$5:$B$804,$Q$6,مثال_Example!$D$5:$D$804,$Q$7,مثال_Example!$E$5:$E$804,$Q$8,مثال_Example!$F$5:$F$804,$Q$9,مثال_Example!$G$5:$G$804,$Q$10,مثال_Example!$C$5:$C$804,$B11))) -> 0 | M11: =IF($B11="","",IF($K11=0,"—",L11/$K11)) -> — | N11: =IF($B11="","",IF($K11=0,"—",((SUMIFS(Data!$U$5:$U$5004,Data!$B$5:$B$5004,$Q$6,Data!$D$5:$D$5004,$Q$7,Data!$E$5:$E$5004,$Q$8,Data!$F$5:$F$5004,$Q$9,Data!$G$5:$G$5004,$Q$10,Data!$C$5:$C$5004,$B11)+ExOn*SUMIFS(مثال_Example!$U$5:$U$804,مثال_Example!$B$5:$B$804,$Q$6,مثال_Example!$D$5:$D$804,$Q$7,مثال_Example!$E$5:$E$804,$Q$8,مثال_Example!$F$5:$F$804,$Q$9,مثال_Example!$G$5:$G$804,$Q$10,مثال_Example!$C$5:$C$804,$B11))+L11)/$K11)) -> — | O11: =IF($B11="","",IF($K11=0,"لا توجد بيانات",IF(ROUND((((SUMIFS(Data!$U$5:$U$5004,Data!$B$5:$B$5004,$Q$6,Data!$D$5:$D$5004,$Q$7,Data!$E$5:$E$5004,$Q$8,Data!$F$5:$F$5004,$Q$9,Data!$G$5:$G$5004,$Q$10,Data!$C$5:$C$5004,$B11)+ExOn*SUMIFS(مثال_Example!$U$5:$U$804,مثال_Example!$B$5:$B$804,$Q$6,مثال_Example!$D$5:$D$804,$Q$7,مثال_Example!$E$5:$E$804,$Q$8,مثال_Example!$F$5:$F$804,$Q$9,مثال_Example!$G$5:$G$804,$Q$10,مثال_Example!$C$5:$C$804,$B11)))+L11)/K11,10)<=KeyP_VW,"Very Weak",IF(ROUND((((SUMIFS(Data!$U$5:$U$5004,Data!$B$5:$B$5004,$Q$6,Data!$D$5:$D$5004,$Q$7,Data!$E$5:$E$5004,$Q$8,Data!$F$5:$F$5004,$Q$9,Data!$G$5:$G$5004,$Q$10,Data!$C$5:$C$5004,$B11)+ExOn*SUMIFS(مثال_Example!$U$5:$U$804,مثال_Example!$B$5:$B$804,$Q$6,مثال_Example!$D$5:$D$804,$Q$7,مثال_Example!$E$5:$E$804,$Q$8,مثال_Example!$F$5:$F$804,$Q$9,مثال_Example!$G$5:$G$804,$Q$10,مثال_Example!$C$5:$C$804,$B11)))+L11)/K11,10)<KeyP_Weak,"Weak",IF(ROUND(L11/K11,10)<KeyP_Acc,"Acceptable",IF(ROUND(L11/K11,10)<=KeyP_Good,"Good",IF(ROUND(L11/K11,10)<KeyP_Out,"Very Good","Outstanding"))))))) -> لا توجد بيانات
B12: =IF(Teachers!C8="","",Teachers!C8) -> Mr Aly Abdelmonem Hasan | C12: =IF($B12="","",Teachers!D8) -> Aa | D12: =IF($B12="","",Teachers!F8) -> 4 | E12: =IF($B12="","",(SUMIFS(Data!$Q$5:$Q$5004,Data!$B$5:$B$5004,$Q$6,Data!$D$5:$D$5004,$Q$7,Data!$E$5:$E$5004,$Q$8,Data!$F$5:$F$5004,$Q$9,Data!$G$5:$G$5004,$Q$10,Data!$C$5:$C$5004,$B12)+ExOn*SUMIFS(مثال_Example!$Q$5:$Q$804,مثال_Example!$B$5:$B$804,$Q$6,مثال_Example!$D$5:$D$804,$Q$7,مثال_Example!$E$5:$E$804,$Q$8,مثال_Example!$F$5:$F$804,$Q$9,مثال_Example!$G$5:$G$804,$Q$10,مثال_Example!$C$5:$C$804,$B12))) -> 0 | F12: =IF($B12="","",(SUMIFS(Data!$R$5:$R$5004,Data!$B$5:$B$5004,$Q$6,Data!$D$5:$D$5004,$Q$7,Data!$E$5:$E$5004,$Q$8,Data!$F$5:$F$5004,$Q$9,Data!$G$5:$G$5004,$Q$10,Data!$C$5:$C$5004,$B12)+ExOn*SUMIFS(مثال_Example!$R$5:$R$804,مثال_Example!$B$5:$B$804,$Q$6,مثال_Example!$D$5:$D$804,$Q$7,مثال_Example!$E$5:$E$804,$Q$8,مثال_Example!$F$5:$F$804,$Q$9,مثال_Example!$G$5:$G$804,$Q$10,مثال_Example!$C$5:$C$804,$B12))) -> 0 | G12: =IF($B12="","",IF($E12=0,"—",F12/$E12)) -> — | H12: =IF($B12="","",(SUMIFS(Data!$S$5:$S$5004,Data!$B$5:$B$5004,$Q$6,Data!$D$5:$D$5004,$Q$7,Data!$E$5:$E$5004,$Q$8,Data!$F$5:$F$5004,$Q$9,Data!$G$5:$G$5004,$Q$10,Data!$C$5:$C$5004,$B12)+ExOn*SUMIFS(مثال_Example!$S$5:$S$804,مثال_Example!$B$5:$B$804,$Q$6,مثال_Example!$D$5:$D$804,$Q$7,مثال_Example!$E$5:$E$804,$Q$8,مثال_Example!$F$5:$F$804,$Q$9,مثال_Example!$G$5:$G$804,$Q$10,مثال_Example!$C$5:$C$804,$B12))) -> 0 | I12: =IF($B12="","",IF($E12=0,"—",H12/$E12)) -> — | J12: =IF($B12="","",IF($E12=0,"لا توجد بيانات",IF(ROUND(F12/E12,10)<=KeyA_VW,"Very Weak",IF(ROUND(F12/E12,10)<KeyA_Weak,"Weak",IF(ROUND(H12/E12,10)<KeyA_Acc,"Acceptable",IF(ROUND(H12/E12,10)<=KeyA_Good,"Good",IF(ROUND(H12/E12,10)<KeyA_Out,"Very Good","Outstanding"))))))) -> لا توجد بيانات | K12: =IF($B12="","",(SUMIFS(Data!$T$5:$T$5004,Data!$B$5:$B$5004,$Q$6,Data!$D$5:$D$5004,$Q$7,Data!$E$5:$E$5004,$Q$8,Data!$F$5:$F$5004,$Q$9,Data!$G$5:$G$5004,$Q$10,Data!$C$5:$C$5004,$B12)+ExOn*SUMIFS(مثال_Example!$T$5:$T$804,مثال_Example!$B$5:$B$804,$Q$6,مثال_Example!$D$5:$D$804,$Q$7,مثال_Example!$E$5:$E$804,$Q$8,مثال_Example!$F$5:$F$804,$Q$9,مثال_Example!$G$5:$G$804,$Q$10,مثال_Example!$C$5:$C$804,$B12))+(SUMIFS(Data!$U$5:$U$5004,Data!$B$5:$B$5004,$Q$6,Data!$D$5:$D$5004,$Q$7,Data!$E$5:$E$5004,$Q$8,Data!$F$5:$F$5004,$Q$9,Data!$G$5:$G$5004,$Q$10,Data!$C$5:$C$5004,$B12)+ExOn*SUMIFS(مثال_Example!$U$5:$U$804,مثال_Example!$B$5:$B$804,$Q$6,مثال_Example!$D$5:$D$804,$Q$7,مثال_Example!$E$5:$E$804,$Q$8,مثال_Example!$F$5:$F$804,$Q$9,مثال_Example!$G$5:$G$804,$Q$10,مثال_Example!$C$5:$C$804,$B12))+(SUMIFS(Data!$V$5:$V$5004,Data!$B$5:$B$5004,$Q$6,Data!$D$5:$D$5004,$Q$7,Data!$E$5:$E$5004,$Q$8,Data!$F$5:$F$5004,$Q$9,Data!$G$5:$G$5004,$Q$10,Data!$C$5:$C$5004,$B12)+ExOn*SUMIFS(مثال_Example!$V$5:$V$804,مثال_Example!$B$5:$B$804,$Q$6,مثال_Example!$D$5:$D$804,$Q$7,مثال_Example!$E$5:$E$804,$Q$8,مثال_Example!$F$5:$F$804,$Q$9,مثال_Example!$G$5:$G$804,$Q$10,مثال_Example!$C$5:$C$804,$B12))) -> 0 | L12: =IF($B12="","",(SUMIFS(Data!$V$5:$V$5004,Data!$B$5:$B$5004,$Q$6,Data!$D$5:$D$5004,$Q$7,Data!$E$5:$E$5004,$Q$8,Data!$F$5:$F$5004,$Q$9,Data!$G$5:$G$5004,$Q$10,Data!$C$5:$C$5004,$B12)+ExOn*SUMIFS(مثال_Example!$V$5:$V$804,مثال_Example!$B$5:$B$804,$Q$6,مثال_Example!$D$5:$D$804,$Q$7,مثال_Example!$E$5:$E$804,$Q$8,مثال_Example!$F$5:$F$804,$Q$9,مثال_Example!$G$5:$G$804,$Q$10,مثال_Example!$C$5:$C$804,$B12))) -> 0 | M12: =IF($B12="","",IF($K12=0,"—",L12/$K12)) -> — | N12: =IF($B12="","",IF($K12=0,"—",((SUMIFS(Data!$U$5:$U$5004,Data!$B$5:$B$5004,$Q$6,Data!$D$5:$D$5004,$Q$7,Data!$E$5:$E$5004,$Q$8,Data!$F$5:$F$5004,$Q$9,Data!$G$5:$G$5004,$Q$10,Data!$C$5:$C$5004,$B12)+ExOn*SUMIFS(مثال_Example!$U$5:$U$804,مثال_Example!$B$5:$B$804,$Q$6,مثال_Example!$D$5:$D$804,$Q$7,مثال_Example!$E$5:$E$804,$Q$8,مثال_Example!$F$5:$F$804,$Q$9,مثال_Example!$G$5:$G$804,$Q$10,مثال_Example!$C$5:$C$804,$B12))+L12)/$K12)) -> — | O12: =IF($B12="","",IF($K12=0,"لا توجد بيانات",IF(ROUND((((SUMIFS(Data!$U$5:$U$5004,Data!$B$5:$B$5004,$Q$6,Data!$D$5:$D$5004,$Q$7,Data!$E$5:$E$5004,$Q$8,Data!$F$5:$F$5004,$Q$9,Data!$G$5:$G$5004,$Q$10,Data!$C$5:$C$5004,$B12)+ExOn*SUMIFS(مثال_Example!$U$5:$U$804,مثال_Example!$B$5:$B$804,$Q$6,مثال_Example!$D$5:$D$804,$Q$7,مثال_Example!$E$5:$E$804,$Q$8,مثال_Example!$F$5:$F$804,$Q$9,مثال_Example!$G$5:$G$804,$Q$10,مثال_Example!$C$5:$C$804,$B12)))+L12)/K12,10)<=KeyP_VW,"Very Weak",IF(ROUND((((SUMIFS(Data!$U$5:$U$5004,Data!$B$5:$B$5004,$Q$6,Data!$D$5:$D$5004,$Q$7,Data!$E$5:$E$5004,$Q$8,Data!$F$5:$F$5004,$Q$9,Data!$G$5:$G$5004,$Q$10,Data!$C$5:$C$5004,$B12)+ExOn*SUMIFS(مثال_Example!$U$5:$U$804,مثال_Example!$B$5:$B$804,$Q$6,مثال_Example!$D$5:$D$804,$Q$7,مثال_Example!$E$5:$E$804,$Q$8,مثال_Example!$F$5:$F$804,$Q$9,مثال_Example!$G$5:$G$804,$Q$10,مثال_Example!$C$5:$C$804,$B12)))+L12)/K12,10)<KeyP_Weak,"Weak",IF(ROUND(L12/K12,10)<KeyP_Acc,"Acceptable",IF(ROUND(L12/K12,10)<=KeyP_Good,"Good",IF(ROUND(L12/K12,10)<KeyP_Out,"Very Good","Outstanding"))))))) -> لا توجد بيانات
B13: =IF(Teachers!C9="","",Teachers!C9) -> Ms Aliaa Refaat Soliman | C13: =IF($B13="","",Teachers!D9) -> Aa | D13: =IF($B13="","",Teachers!F9) -> 3 | E13: =IF($B13="","",(SUMIFS(Data!$Q$5:$Q$5004,Data!$B$5:$B$5004,$Q$6,Data!$D$5:$D$5004,$Q$7,Data!$E$5:$E$5004,$Q$8,Data!$F$5:$F$5004,$Q$9,Data!$G$5:$G$5004,$Q$10,Data!$C$5:$C$5004,$B13)+ExOn*SUMIFS(مثال_Example!$Q$5:$Q$804,مثال_Example!$B$5:$B$804,$Q$6,مثال_Example!$D$5:$D$804,$Q$7,مثال_Example!$E$5:$E$804,$Q$8,مثال_Example!$F$5:$F$804,$Q$9,مثال_Example!$G$5:$G$804,$Q$10,مثال_Example!$C$5:$C$804,$B13))) -> 0 | F13: =IF($B13="","",(SUMIFS(Data!$R$5:$R$5004,Data!$B$5:$B$5004,$Q$6,Data!$D$5:$D$5004,$Q$7,Data!$E$5:$E$5004,$Q$8,Data!$F$5:$F$5004,$Q$9,Data!$G$5:$G$5004,$Q$10,Data!$C$5:$C$5004,$B13)+ExOn*SUMIFS(مثال_Example!$R$5:$R$804,مثال_Example!$B$5:$B$804,$Q$6,مثال_Example!$D$5:$D$804,$Q$7,مثال_Example!$E$5:$E$804,$Q$8,مثال_Example!$F$5:$F$804,$Q$9,مثال_Example!$G$5:$G$804,$Q$10,مثال_Example!$C$5:$C$804,$B13))) -> 0 | G13: =IF($B13="","",IF($E13=0,"—",F13/$E13)) -> — | H13: =IF($B13="","",(SUMIFS(Data!$S$5:$S$5004,Data!$B$5:$B$5004,$Q$6,Data!$D$5:$D$5004,$Q$7,Data!$E$5:$E$5004,$Q$8,Data!$F$5:$F$5004,$Q$9,Data!$G$5:$G$5004,$Q$10,Data!$C$5:$C$5004,$B13)+ExOn*SUMIFS(مثال_Example!$S$5:$S$804,مثال_Example!$B$5:$B$804,$Q$6,مثال_Example!$D$5:$D$804,$Q$7,مثال_Example!$E$5:$E$804,$Q$8,مثال_Example!$F$5:$F$804,$Q$9,مثال_Example!$G$5:$G$804,$Q$10,مثال_Example!$C$5:$C$804,$B13))) -> 0 | I13: =IF($B13="","",IF($E13=0,"—",H13/$E13)) -> — | J13: =IF($B13="","",IF($E13=0,"لا توجد بيانات",IF(ROUND(F13/E13,10)<=KeyA_VW,"Very Weak",IF(ROUND(F13/E13,10)<KeyA_Weak,"Weak",IF(ROUND(H13/E13,10)<KeyA_Acc,"Acceptable",IF(ROUND(H13/E13,10)<=KeyA_Good,"Good",IF(ROUND(H13/E13,10)<KeyA_Out,"Very Good","Outstanding"))))))) -> لا توجد بيانات | K13: =IF($B13="","",(SUMIFS(Data!$T$5:$T$5004,Data!$B$5:$B$5004,$Q$6,Data!$D$5:$D$5004,$Q$7,Data!$E$5:$E$5004,$Q$8,Data!$F$5:$F$5004,$Q$9,Data!$G$5:$G$5004,$Q$10,Data!$C$5:$C$5004,$B13)+ExOn*SUMIFS(مثال_Example!$T$5:$T$804,مثال_Example!$B$5:$B$804,$Q$6,مثال_Example!$D$5:$D$804,$Q$7,مثال_Example!$E$5:$E$804,$Q$8,مثال_Example!$F$5:$F$804,$Q$9,مثال_Example!$G$5:$G$804,$Q$10,مثال_Example!$C$5:$C$804,$B13))+(SUMIFS(Data!$U$5:$U$5004,Data!$B$5:$B$5004,$Q$6,Data!$D$5:$D$5004,$Q$7,Data!$E$5:$E$5004,$Q$8,Data!$F$5:$F$5004,$Q$9,Data!$G$5:$G$5004,$Q$10,Data!$C$5:$C$5004,$B13)+ExOn*SUMIFS(مثال_Example!$U$5:$U$804,مثال_Example!$B$5:$B$804,$Q$6,مثال_Example!$D$5:$D$804,$Q$7,مثال_Example!$E$5:$E$804,$Q$8,مثال_Example!$F$5:$F$804,$Q$9,مثال_Example!$G$5:$G$804,$Q$10,مثال_Example!$C$5:$C$804,$B13))+(SUMIFS(Data!$V$5:$V$5004,Data!$B$5:$B$5004,$Q$6,Data!$D$5:$D$5004,$Q$7,Data!$E$5:$E$5004,$Q$8,Data!$F$5:$F$5004,$Q$9,Data!$G$5:$G$5004,$Q$10,Data!$C$5:$C$5004,$B13)+ExOn*SUMIFS(مثال_Example!$V$5:$V$804,مثال_Example!$B$5:$B$804,$Q$6,مثال_Example!$D$5:$D$804,$Q$7,مثال_Example!$E$5:$E$804,$Q$8,مثال_Example!$F$5:$F$804,$Q$9,مثال_Example!$G$5:$G$804,$Q$10,مثال_Example!$C$5:$C$804,$B13))) -> 0 | L13: =IF($B13="","",(SUMIFS(Data!$V$5:$V$5004,Data!$B$5:$B$5004,$Q$6,Data!$D$5:$D$5004,$Q$7,Data!$E$5:$E$5004,$Q$8,Data!$F$5:$F$5004,$Q$9,Data!$G$5:$G$5004,$Q$10,Data!$C$5:$C$5004,$B13)+ExOn*SUMIFS(مثال_Example!$V$5:$V$804,مثال_Example!$B$5:$B$804,$Q$6,مثال_Example!$D$5:$D$804,$Q$7,مثال_Example!$E$5:$E$804,$Q$8,مثال_Example!$F$5:$F$804,$Q$9,مثال_Example!$G$5:$G$804,$Q$10,مثال_Example!$C$5:$C$804,$B13))) -> 0 | M13: =IF($B13="","",IF($K13=0,"—",L13/$K13)) -> — | N13: =IF($B13="","",IF($K13=0,"—",((SUMIFS(Data!$U$5:$U$5004,Data!$B$5:$B$5004,$Q$6,Data!$D$5:$D$5004,$Q$7,Data!$E$5:$E$5004,$Q$8,Data!$F$5:$F$5004,$Q$9,Data!$G$5:$G$5004,$Q$10,Data!$C$5:$C$5004,$B13)+ExOn*SUMIFS(مثال_Example!$U$5:$U$804,مثال_Example!$B$5:$B$804,$Q$6,مثال_Example!$D$5:$D$804,$Q$7,مثال_Example!$E$5:$E$804,$Q$8,مثال_Example!$F$5:$F$804,$Q$9,مثال_Example!$G$5:$G$804,$Q$10,مثال_Example!$C$5:$C$804,$B13))+L13)/$K13)) -> — | O13: =IF($B13="","",IF($K13=0,"لا توجد بيانات",IF(ROUND((((SUMIFS(Data!$U$5:$U$5004,Data!$B$5:$B$5004,$Q$6,Data!$D$5:$D$5004,$Q$7,Data!$E$5:$E$5004,$Q$8,Data!$F$5:$F$5004,$Q$9,Data!$G$5:$G$5004,$Q$10,Data!$C$5:$C$5004,$B13)+ExOn*SUMIFS(مثال_Example!$U$5:$U$804,مثال_Example!$B$5:$B$804,$Q$6,مثال_Example!$D$5:$D$804,$Q$7,مثال_Example!$E$5:$E$804,$Q$8,مثال_Example!$F$5:$F$804,$Q$9,مثال_Example!$G$5:$G$804,$Q$10,مثال_Example!$C$5:$C$804,$B13)))+L13)/K13,10)<=KeyP_VW,"Very Weak",IF(ROUND((((SUMIFS(Data!$U$5:$U$5004,Data!$B$5:$B$5004,$Q$6,Data!$D$5:$D$5004,$Q$7,Data!$E$5:$E$5004,$Q$8,Data!$F$5:$F$5004,$Q$9,Data!$G$5:$G$5004,$Q$10,Data!$C$5:$C$5004,$B13)+ExOn*SUMIFS(مثال_Example!$U$5:$U$804,مثال_Example!$B$5:$B$804,$Q$6,مثال_Example!$D$5:$D$804,$Q$7,مثال_Example!$E$5:$E$804,$Q$8,مثال_Example!$F$5:$F$804,$Q$9,مثال_Example!$G$5:$G$804,$Q$10,مثال_Example!$C$5:$C$804,$B13)))+L13)/K13,10)<KeyP_Weak,"Weak",IF(ROUND(L13/K13,10)<KeyP_Acc,"Acceptable",IF(ROUND(L13/K13,10)<=KeyP_Good,"Good",IF(ROUND(L13/K13,10)<KeyP_Out,"Very Good","Outstanding"))))))) -> لا توجد بيانات
B14: =IF(Teachers!C10="","",Teachers!C10) -> Ms Asmaa A Emara | C14: =IF($B14="","",Teachers!D10) -> Aa | D14: =IF($B14="","",Teachers!F10) -> 4 | E14: =IF($B14="","",(SUMIFS(Data!$Q$5:$Q$5004,Data!$B$5:$B$5004,$Q$6,Data!$D$5:$D$5004,$Q$7,Data!$E$5:$E$5004,$Q$8,Data!$F$5:$F$5004,$Q$9,Data!$G$5:$G$5004,$Q$10,Data!$C$5:$C$5004,$B14)+ExOn*SUMIFS(مثال_Example!$Q$5:$Q$804,مثال_Example!$B$5:$B$804,$Q$6,مثال_Example!$D$5:$D$804,$Q$7,مثال_Example!$E$5:$E$804,$Q$8,مثال_Example!$F$5:$F$804,$Q$9,مثال_Example!$G$5:$G$804,$Q$10,مثال_Example!$C$5:$C$804,$B14))) -> 0 | F14: =IF($B14="","",(SUMIFS(Data!$R$5:$R$5004,Data!$B$5:$B$5004,$Q$6,Data!$D$5:$D$5004,$Q$7,Data!$E$5:$E$5004,$Q$8,Data!$F$5:$F$5004,$Q$9,Data!$G$5:$G$5004,$Q$10,Data!$C$5:$C$5004,$B14)+ExOn*SUMIFS(مثال_Example!$R$5:$R$804,مثال_Example!$B$5:$B$804,$Q$6,مثال_Example!$D$5:$D$804,$Q$7,مثال_Example!$E$5:$E$804,$Q$8,مثال_Example!$F$5:$F$804,$Q$9,مثال_Example!$G$5:$G$804,$Q$10,مثال_Example!$C$5:$C$804,$B14))) -> 0 | G14: =IF($B14="","",IF($E14=0,"—",F14/$E14)) -> — | H14: =IF($B14="","",(SUMIFS(Data!$S$5:$S$5004,Data!$B$5:$B$5004,$Q$6,Data!$D$5:$D$5004,$Q$7,Data!$E$5:$E$5004,$Q$8,Data!$F$5:$F$5004,$Q$9,Data!$G$5:$G$5004,$Q$10,Data!$C$5:$C$5004,$B14)+ExOn*SUMIFS(مثال_Example!$S$5:$S$804,مثال_Example!$B$5:$B$804,$Q$6,مثال_Example!$D$5:$D$804,$Q$7,مثال_Example!$E$5:$E$804,$Q$8,مثال_Example!$F$5:$F$804,$Q$9,مثال_Example!$G$5:$G$804,$Q$10,مثال_Example!$C$5:$C$804,$B14))) -> 0 | I14: =IF($B14="","",IF($E14=0,"—",H14/$E14)) -> — | J14: =IF($B14="","",IF($E14=0,"لا توجد بيانات",IF(ROUND(F14/E14,10)<=KeyA_VW,"Very Weak",IF(ROUND(F14/E14,10)<KeyA_Weak,"Weak",IF(ROUND(H14/E14,10)<KeyA_Acc,"Acceptable",IF(ROUND(H14/E14,10)<=KeyA_Good,"Good",IF(ROUND(H14/E14,10)<KeyA_Out,"Very Good","Outstanding"))))))) -> لا توجد بيانات | K14: =IF($B14="","",(SUMIFS(Data!$T$5:$T$5004,Data!$B$5:$B$5004,$Q$6,Data!$D$5:$D$5004,$Q$7,Data!$E$5:$E$5004,$Q$8,Data!$F$5:$F$5004,$Q$9,Data!$G$5:$G$5004,$Q$10,Data!$C$5:$C$5004,$B14)+ExOn*SUMIFS(مثال_Example!$T$5:$T$804,مثال_Example!$B$5:$B$804,$Q$6,مثال_Example!$D$5:$D$804,$Q$7,مثال_Example!$E$5:$E$804,$Q$8,مثال_Example!$F$5:$F$804,$Q$9,مثال_Example!$G$5:$G$804,$Q$10,مثال_Example!$C$5:$C$804,$B14))+(SUMIFS(Data!$U$5:$U$5004,Data!$B$5:$B$5004,$Q$6,Data!$D$5:$D$5004,$Q$7,Data!$E$5:$E$5004,$Q$8,Data!$F$5:$F$5004,$Q$9,Data!$G$5:$G$5004,$Q$10,Data!$C$5:$C$5004,$B14)+ExOn*SUMIFS(مثال_Example!$U$5:$U$804,مثال_Example!$B$5:$B$804,$Q$6,مثال_Example!$D$5:$D$804,$Q$7,مثال_Example!$E$5:$E$804,$Q$8,مثال_Example!$F$5:$F$804,$Q$9,مثال_Example!$G$5:$G$804,$Q$10,مثال_Example!$C$5:$C$804,$B14))+(SUMIFS(Data!$V$5:$V$5004,Data!$B$5:$B$5004,$Q$6,Data!$D$5:$D$5004,$Q$7,Data!$E$5:$E$5004,$Q$8,Data!$F$5:$F$5004,$Q$9,Data!$G$5:$G$5004,$Q$10,Data!$C$5:$C$5004,$B14)+ExOn*SUMIFS(مثال_Example!$V$5:$V$804,مثال_Example!$B$5:$B$804,$Q$6,مثال_Example!$D$5:$D$804,$Q$7,مثال_Example!$E$5:$E$804,$Q$8,مثال_Example!$F$5:$F$804,$Q$9,مثال_Example!$G$5:$G$804,$Q$10,مثال_Example!$C$5:$C$804,$B14))) -> 0 | L14: =IF($B14="","",(SUMIFS(Data!$V$5:$V$5004,Data!$B$5:$B$5004,$Q$6,Data!$D$5:$D$5004,$Q$7,Data!$E$5:$E$5004,$Q$8,Data!$F$5:$F$5004,$Q$9,Data!$G$5:$G$5004,$Q$10,Data!$C$5:$C$5004,$B14)+ExOn*SUMIFS(مثال_Example!$V$5:$V$804,مثال_Example!$B$5:$B$804,$Q$6,مثال_Example!$D$5:$D$804,$Q$7,مثال_Example!$E$5:$E$804,$Q$8,مثال_Example!$F$5:$F$804,$Q$9,مثال_Example!$G$5:$G$804,$Q$10,مثال_Example!$C$5:$C$804,$B14))) -> 0 | M14: =IF($B14="","",IF($K14=0,"—",L14/$K14)) -> — | N14: =IF($B14="","",IF($K14=0,"—",((SUMIFS(Data!$U$5:$U$5004,Data!$B$5:$B$5004,$Q$6,Data!$D$5:$D$5004,$Q$7,Data!$E$5:$E$5004,$Q$8,Data!$F$5:$F$5004,$Q$9,Data!$G$5:$G$5004,$Q$10,Data!$C$5:$C$5004,$B14)+ExOn*SUMIFS(مثال_Example!$U$5:$U$804,مثال_Example!$B$5:$B$804,$Q$6,مثال_Example!$D$5:$D$804,$Q$7,مثال_Example!$E$5:$E$804,$Q$8,مثال_Example!$F$5:$F$804,$Q$9,مثال_Example!$G$5:$G$804,$Q$10,مثال_Example!$C$5:$C$804,$B14))+L14)/$K14)) -> — | O14: =IF($B14="","",IF($K14=0,"لا توجد بيانات",IF(ROUND((((SUMIFS(Data!$U$5:$U$5004,Data!$B$5:$B$5004,$Q$6,Data!$D$5:$D$5004,$Q$7,Data!$E$5:$E$5004,$Q$8,Data!$F$5:$F$5004,$Q$9,Data!$G$5:$G$5004,$Q$10,Data!$C$5:$C$5004,$B14)+ExOn*SUMIFS(مثال_Example!$U$5:$U$804,مثال_Example!$B$5:$B$804,$Q$6,مثال_Example!$D$5:$D$804,$Q$7,مثال_Example!$E$5:$E$804,$Q$8,مثال_Example!$F$5:$F$804,$Q$9,مثال_Example!$G$5:$G$804,$Q$10,مثال_Example!$C$5:$C$804,$B14)))+L14)/K14,10)<=KeyP_VW,"Very Weak",IF(ROUND((((SUMIFS(Data!$U$5:$U$5004,Data!$B$5:$B$5004,$Q$6,Data!$D$5:$D$5004,$Q$7,Data!$E$5:$E$5004,$Q$8,Data!$F$5:$F$5004,$Q$9,Data!$G$5:$G$5004,$Q$10,Data!$C$5:$C$5004,$B14)+ExOn*SUMIFS(مثال_Example!$U$5:$U$804,مثال_Example!$B$5:$B$804,$Q$6,مثال_Example!$D$5:$D$804,$Q$7,مثال_Example!$E$5:$E$804,$Q$8,مثال_Example!$F$5:$F$804,$Q$9,مثال_Example!$G$5:$G$804,$Q$10,مثال_Example!$C$5:$C$804,$B14)))+L14)/K14,10)<KeyP_Weak,"Weak",IF(ROUND(L14/K14,10)<KeyP_Acc,"Acceptable",IF(ROUND(L14/K14,10)<=KeyP_Good,"Good",IF(ROUND(L14/K14,10)<KeyP_Out,"Very Good","Outstanding"))))))) -> لا توجد بيانات
